$date
	Sun Dec 17 18:09:25 2023
$end

$version
	Synopsys VCS version T-2022.06-SP2_Full64
$end

$timescale
	1ps
$end

$comment Csum: 1 ba5677f0ed1b2326 $end


$scope module Single_Cycle_Top_Tb $end
$var reg 1 ! clk $end
$var reg 1 " rst $end
$var reg 32 # multiplier [31:0] $end
$var reg 32 $ multiplicand [31:0] $end
$var reg 32 % expected_result [31:0] $end
$var reg 32 & result [31:0] $end

$scope begin tb_block_main $end
$var reg 8 ' i [7:0] $end
$var reg 1 ( num_mismatches $end
$upscope $end


$scope module Single_Cycle_Top $end
$var wire 1 ) clk $end
$var wire 1 * rst $end
$var wire 32 + PC_Top [31:0] $end
$var wire 32 , RD_Instr [31:0] $end
$var wire 32 - RD1_Top [31:0] $end
$var wire 32 . Imm_Ext_Top [31:0] $end
$var wire 32 / ALUResult [31:0] $end
$var wire 32 0 ReadData [31:0] $end
$var wire 32 1 PCPlus4 [31:0] $end
$var wire 32 2 RD2_Top [31:0] $end
$var wire 32 3 SrcB [31:0] $end
$var wire 32 4 Result [31:0] $end
$var wire 1 5 RegWrite $end
$var wire 1 6 MemWrite $end
$var wire 1 7 ALUSrc $end
$var wire 1 8 ResultSrc $end
$var wire 2 9 ImmSrc [1:0] $end
$var wire 3 : ALUControl_Top [2:0] $end
$var wire 1 ; Zero $end
$var wire 1 < PCSrc $end
$var wire 32 = PCTarget [31:0] $end
$var wire 32 > PCNext [31:0] $end

$scope module PC $end
$var wire 1 ) clk $end
$var wire 1 * rst $end
$var wire 32 > PC_Next [31:0] $end
$var reg 32 ? PC [31:0] $end
$upscope $end


$scope module PC_Adder_4 $end
$var wire 32 + a [31:0] $end
$var wire 32 @ b [31:0] $end
$var wire 32 1 c [31:0] $end
$upscope $end


$scope module PC_Adder_Imm $end
$var wire 32 + a [31:0] $end
$var wire 32 . b [31:0] $end
$var wire 32 = c [31:0] $end
$upscope $end


$scope module Mux_PCNext $end
$var wire 32 1 a [31:0] $end
$var wire 32 = b [31:0] $end
$var wire 1 < s $end
$var wire 32 > c [31:0] $end
$upscope $end


$scope module Instruction_Memory $end
$var wire 1 ) clk0 $end
$var wire 1 A csb0 $end
$var wire 1 B web0 $end
$var wire 6 C addr0 [5:0] $end
$var wire 32 D din0 [31:0] $end
$var reg 32 E dout0 [31:0] $end
$var reg 1 F csb0_reg $end
$var reg 1 G web0_reg $end
$var reg 6 H addr0_reg [5:0] $end
$var reg 32 I din0_reg [31:0] $end

$scope begin MEM_WRITE0 $end
$upscope $end


$scope begin MEM_READ0 $end
$upscope $end

$upscope $end


$scope module Register_File $end
$var wire 1 ) clk $end
$var wire 1 * rst $end
$var wire 1 5 WE3 $end
$var wire 5 J A1 [4:0] $end
$var wire 5 K A2 [4:0] $end
$var wire 5 L A3 [4:0] $end
$var wire 32 4 WD3 [31:0] $end
$var wire 32 - RD1 [31:0] $end
$var wire 32 2 RD2 [31:0] $end
$upscope $end


$scope module Sign_Extend $end
$var wire 32 , In [31:0] $end
$var wire 2 9 ImmSrc [1:0] $end
$var wire 32 . Imm_Ext [31:0] $end
$upscope $end


$scope module Mux_Register_to_ALU $end
$var wire 32 2 a [31:0] $end
$var wire 32 . b [31:0] $end
$var wire 1 7 s $end
$var wire 32 3 c [31:0] $end
$upscope $end


$scope module ALU $end
$var wire 32 - A [31:0] $end
$var wire 32 3 B [31:0] $end
$var wire 3 : ALUControl [2:0] $end
$var wire 1 M Carry $end
$var wire 1 N OverFlow $end
$var wire 1 ; Zero $end
$var wire 1 O Negative $end
$var wire 32 / Result [31:0] $end
$var wire 1 P Cout $end
$var wire 32 Q Sum [31:0] $end
$upscope $end


$scope module Control_Unit_Top $end
$var wire 7 R Op [6:0] $end
$var wire 7 S funct7 [6:0] $end
$var wire 3 T funct3 [2:0] $end
$var wire 1 ; Zero $end
$var wire 1 5 RegWrite $end
$var wire 1 7 ALUSrc $end
$var wire 1 6 MemWrite $end
$var wire 1 8 ResultSrc $end
$var wire 1 < PCSrc $end
$var wire 2 9 ImmSrc [1:0] $end
$var wire 3 : ALUControl [2:0] $end
$var wire 2 U ALUOp [1:0] $end

$scope module Main_Decoder $end
$var wire 7 R Op [6:0] $end
$var wire 3 T funct3 [2:0] $end
$var wire 1 ; Zero $end
$var wire 1 5 RegWrite $end
$var wire 1 7 ALUSrc $end
$var wire 1 6 MemWrite $end
$var wire 1 8 ResultSrc $end
$var wire 1 < PCSrc $end
$var wire 2 9 ImmSrc [1:0] $end
$var wire 2 U ALUOp [1:0] $end
$upscope $end


$scope module ALU_Decoder $end
$var wire 2 U ALUOp [1:0] $end
$var wire 3 T funct3 [2:0] $end
$var wire 7 S funct7 [6:0] $end
$var wire 7 R op [6:0] $end
$var wire 3 : ALUControl [2:0] $end
$upscope $end

$upscope $end


$scope module Data_Memory $end
$var wire 1 ) clk0 $end
$var wire 1 V csb0 $end
$var wire 1 W web0 $end
$var wire 6 X addr0 [5:0] $end
$var wire 32 2 din0 [31:0] $end
$var reg 32 Y dout0 [31:0] $end
$var reg 1 Z csb0_reg $end
$var reg 1 [ web0_reg $end
$var reg 6 \ addr0_reg [5:0] $end
$var reg 32 ] din0_reg [31:0] $end

$scope begin MEM_WRITE0 $end
$upscope $end


$scope begin MEM_READ0 $end
$upscope $end

$upscope $end


$scope module Mux_DataMemory_to_Register $end
$var wire 32 / a [31:0] $end
$var wire 32 0 b [31:0] $end
$var wire 1 8 s $end
$var wire 32 4 c [31:0] $end
$upscope $end

$upscope $end

$upscope $end

$enddefinitions $end

#0
$dumpvars
x7
0M
0V
0Z
xW
x[
x6
xO
xN
x<
x5
x8
0)
0*
x;
0!
0A
0F
0"
0(
0P
1B
1G
bxxx :
bxx U
bxxxxxxxxxxxxxxxxxxxxxxxxxxxxxxxx /
bxxxxxx \
bxxxxxxxxxxxxxxxxxxxxxxxxxxxxxxxx ]
bxxxxxxxxxxxxxxxxxxxxxxxxxxxxxxxx Y
bxx 9
bxxxxxxxxxxxxxxxxxxxxxxxxxxxxxxxx .
b00000000000000000000000xxxxxxxxx >
b00000000000000000000000xxxxxxxxx 1
b00000000000000000000000xxxxxxxxx =
b00000000000000000000000xxxxxxxxx +
b00000000000000000000000xxxxxxxxx ?
b00000000000000000000000000000000 -
b00000000000000000000000000000000 2
bxxxxxxxxxxxxxxxxxxxxxxxxxxxxxxxx ,
bxxxxxxxxxxxxxxxxxxxxxxxxxxxxxxxx 0
bxxxxxxxxxxxxxxxxxxxxxxxxxxxxxxxx 4
bxxxxxxxxxxxxxxxxxxxxxxxxxxxxxxxx 3
bxxxxxxxxxxxxxxxxxxxxxxxxxxxxxxxx Q
bxxxxxx H
b00000000000000000000000000000100 @
b00000000000000000000000000000000 D
b00000000000000000000000000000000 I
bxxxxxxxxxxxxxxxxxxxxxxxxxxxxxxxx E
bxxxxxxxxxxxxxxxxxxxxxxxxxxxxxxxx %
bxxxxxxxxxxxxxxxxxxxxxxxxxxxxxxxx $
bxxxxxxxxxxxxxxxxxxxxxxxxxxxxxxxx #
bxxxxxxxxxxxxxxxxxxxxxxxxxxxxxxxx &
b00000000 '
bxxxxxx C
bxxxxx J
bxxxxx K
bxxxxx L
bxxxxxxx R
bxxxxxxx S
bxxx T
bxxxxxx X
$end
#50000
1!
1)
b00000000000000000000000000000000 ]
#100000
0!
0)
b00000000000000000000000000000000 ?
b00000000000000000000000000000000 +
b000000 C
b00000000000000000000000000000100 1
#150000
1!
1)
b000000 H
#153000
b00000000000000000000000110010011 E
b00000000000000000000000110010011 ,
b00000 J
b00000 K
b00011 L
b0010011 R
b0000000 S
b000 T
b00 U
b00 9
08
06
1W
b000 :
15
17
0<
b00000000000000000000000000000000 .
b00000000000000000000000000000000 =
b00000000000000000000000000000100 >
b00000000000000000000000000000000 3
b00000000000000000000000000000000 Q
b00000000000000000000000000000000 /
b000000 X
0O
1;
0N
b00000000000000000000000000000000 4
#200000
b00000000000000000000000000001000 #
b00000000000000000000000000001100 $
0!
0)
1"
1*
#250000
1!
1)
1[
b000000 \
#251000
bxxxxxxxxxxxxxxxxxxxxxxxxxxxxxxxx E
bxxxxxxxxxxxxxxxxxxxxxxxxxxxxxxxx ,
bxxxxx J
bxxxxx K
bxxxxx L
bxxxxxxx R
bxxxxxxx S
bxxx T
bxx U
bxx 9
x8
x6
xW
bxxx :
bxxxxxxxxxxxxxxxxxxxxxxxxxxxxxxxx .
b00000000000000000000000xxxxxxxxx =
x5
bxxxxxxxxxxxxxxxxxxxxxxxxxxxxxxxx 4
x7
x<
bxxxxxxxxxxxxxxxxxxxxxxxxxxxxxxxx 2
bxxxxxxxxxxxxxxxxxxxxxxxxxxxxxxxx -
bxxxxxxxxxxxxxxxxxxxxxxxxxxxxxxxx 3
b00000000000000000000000xxxxxxxxx >
bxxxxxxxxxxxxxxxxxxxxxxxxxxxxxxxx /
bxxxxxx X
xO
x;
xN
bxxxxxxxxxxxxxxxxxxxxxxxxxxxxxxxx Q
#253000
b00000000000000000000000110010011 E
b00000000000000000000000110010011 ,
b00000 J
b00000 K
b00011 L
b0010011 R
b0000000 S
b000 T
b00 U
b00 9
08
06
1W
b000 :
15
17
0<
b00000000000000000000000000000000 .
b00000000000000000000000000000000 =
b00000000000000000000000000000000 2
b00000000000000000000000000000000 -
b00000000000000000000000000000100 >
b00000000000000000000000000000000 3
b00000000000000000000000000000000 Q
b00000000000000000000000000000000 /
b000000 X
0O
1;
0N
b00000000000000000000000000000000 4
#300000
0!
0)
b00000000000000000000000000000100 ?
b00000000000000000000000000000100 +
b000001 C
b00000000000000000000000000000100 =
b00000000000000000000000000001000 1
b00000000000000000000000000001000 >
#350000
1!
1)
b000001 H
#351000
bxxxxxxxxxxxxxxxxxxxxxxxxxxxxxxxx E
bxxxxxxxxxxxxxxxxxxxxxxxxxxxxxxxx ,
bxxxxx J
bxxxxx K
bxxxxx L
bxxxxxxx R
bxxxxxxx S
bxxx T
bxx U
bxx 9
x8
x6
xW
bxxx :
bxxxxxxxxxxxxxxxxxxxxxxxxxxxxxxxx .
b00000000000000000000000xxxxxxxxx =
x5
bxxxxxxxxxxxxxxxxxxxxxxxxxxxxxxxx 4
x7
x<
bxxxxxxxxxxxxxxxxxxxxxxxxxxxxxxxx 2
bxxxxxxxxxxxxxxxxxxxxxxxxxxxxxxxx -
bxxxxxxxxxxxxxxxxxxxxxxxxxxxxxxxx 3
b00000000000000000000000xxxxxxxxx >
bxxxxxxxxxxxxxxxxxxxxxxxxxxxxxxxx /
bxxxxxx X
xO
x;
xN
bxxxxxxxxxxxxxxxxxxxxxxxxxxxxxxxx Q
#353000
b00000000000000000000001000010011 E
b00000000000000000000001000010011 ,
b00000 J
b00000 K
b00100 L
b0010011 R
b0000000 S
b000 T
b00 U
b00 9
08
06
1W
b000 :
15
17
0<
b00000000000000000000000000000000 .
b00000000000000000000000000000100 =
b00000000000000000000000000000000 2
b00000000000000000000000000000000 -
b00000000000000000000000000001000 >
b00000000000000000000000000000000 3
b00000000000000000000000000000000 Q
b00000000000000000000000000000000 /
b000000 X
0O
1;
0N
b00000000000000000000000000000000 4
#400000
0!
0)
b00000000000000000000000000001000 ?
b00000000000000000000000000001000 +
b000010 C
b00000000000000000000000000001000 =
b00000000000000000000000000001100 1
b00000000000000000000000000001100 >
#450000
1!
1)
b000010 H
#451000
bxxxxxxxxxxxxxxxxxxxxxxxxxxxxxxxx E
bxxxxxxxxxxxxxxxxxxxxxxxxxxxxxxxx ,
bxxxxx J
bxxxxx K
bxxxxx L
bxxxxxxx R
bxxxxxxx S
bxxx T
bxx U
bxx 9
x8
x6
xW
bxxx :
bxxxxxxxxxxxxxxxxxxxxxxxxxxxxxxxx .
b00000000000000000000000xxxxxxxxx =
x5
bxxxxxxxxxxxxxxxxxxxxxxxxxxxxxxxx 4
x7
x<
bxxxxxxxxxxxxxxxxxxxxxxxxxxxxxxxx 2
bxxxxxxxxxxxxxxxxxxxxxxxxxxxxxxxx -
bxxxxxxxxxxxxxxxxxxxxxxxxxxxxxxxx 3
b00000000000000000000000xxxxxxxxx >
bxxxxxxxxxxxxxxxxxxxxxxxxxxxxxxxx /
bxxxxxx X
xO
x;
xN
bxxxxxxxxxxxxxxxxxxxxxxxxxxxxxxxx Q
#453000
b00000000000000001000101001100011 E
b00000000000000001000101001100011 ,
b00001 J
b00000 K
b10100 L
b1100011 R
b0000000 S
b000 T
b01 U
b10 9
08
06
1W
b001 :
b00000000000000000000000000010100 .
b00000000000000000000000000011100 =
05
07
b00000000000000000000000000000000 2
b00000000000000000000000000001000 -
b000000000000000000000000000x1100 >
b00000000000000000000000000000000 3
0N
b00000000000000000000000000001000 Q
b00000000000000000000000000001000 /
b001000 X
0O
0;
0<
b00000000000000000000000000001000 4
b00000000000000000000000000001100 >
#500000
0!
0)
b00000000000000000000000000001100 ?
b00000000000000000000000000001100 +
b000011 C
b00000000000000000000000000100000 =
b00000000000000000000000000010000 1
b00000000000000000000000000010000 >
#550000
1!
1)
b000011 H
b001000 \
#551000
bxxxxxxxxxxxxxxxxxxxxxxxxxxxxxxxx E
bxxxxxxxxxxxxxxxxxxxxxxxxxxxxxxxx ,
bxxxxx J
bxxxxx K
bxxxxx L
bxxxxxxx R
bxxxxxxx S
bxxx T
bxx U
bxx 9
x8
x6
xW
x<
bxxx :
bxxxxxxxxxxxxxxxxxxxxxxxxxxxxxxxx .
b00000000000000000000000xxxxxxxxx =
x5
bxxxxxxxxxxxxxxxxxxxxxxxxxxxxxxxx 4
x7
bxxxxxxxxxxxxxxxxxxxxxxxxxxxxxxxx 2
bxxxxxxxxxxxxxxxxxxxxxxxxxxxxxxxx -
b00000000000000000000000xxxxxxxxx >
bxxxxxxxxxxxxxxxxxxxxxxxxxxxxxxxx /
bxxxxxx X
xO
x;
bxxxxxxxxxxxxxxxxxxxxxxxxxxxxxxxx 3
xN
bxxxxxxxxxxxxxxxxxxxxxxxxxxxxxxxx Q
#553000
b00000000000000010000100001100011 E
b00000000000000010000100001100011 ,
b00010 J
b00000 K
b10000 L
b1100011 R
b0000000 S
b000 T
b01 U
b10 9
08
06
1W
b001 :
b00000000000000000000000000010000 .
b00000000000000000000000000011100 =
05
07
b00000000000000000000000000000000 2
b00000000000000000000000000001100 -
b0000000000000000000000000001xx00 >
b00000000000000000000000000000000 3
0N
b00000000000000000000000000001100 Q
b00000000000000000000000000001100 /
b001100 X
0O
0;
0<
b00000000000000000000000000001100 4
b00000000000000000000000000010000 >
#600000
0!
0)
b00000000000000000000000000010000 ?
b00000000000000000000000000010000 +
b000100 C
b00000000000000000000000000100000 =
b00000000000000000000000000010100 1
b00000000000000000000000000010100 >
#650000
1!
1)
b000100 H
b001100 \
#651000
bxxxxxxxxxxxxxxxxxxxxxxxxxxxxxxxx E
bxxxxxxxxxxxxxxxxxxxxxxxxxxxxxxxx ,
bxxxxx J
bxxxxx K
bxxxxx L
bxxxxxxx R
bxxxxxxx S
bxxx T
bxx U
bxx 9
x8
x6
xW
x<
bxxx :
bxxxxxxxxxxxxxxxxxxxxxxxxxxxxxxxx .
b00000000000000000000000xxxxxxxxx =
x5
bxxxxxxxxxxxxxxxxxxxxxxxxxxxxxxxx 4
x7
bxxxxxxxxxxxxxxxxxxxxxxxxxxxxxxxx 2
bxxxxxxxxxxxxxxxxxxxxxxxxxxxxxxxx -
b00000000000000000000000xxxxxxxxx >
bxxxxxxxxxxxxxxxxxxxxxxxxxxxxxxxx /
bxxxxxx X
xO
x;
bxxxxxxxxxxxxxxxxxxxxxxxxxxxxxxxx 3
xN
bxxxxxxxxxxxxxxxxxxxxxxxxxxxxxxxx Q
#653000
b00000000001000011000000110110011 E
b00000000001000011000000110110011 ,
b00011 J
b00010 K
b00011 L
b0110011 R
b0000000 S
b000 T
b10 U
b00 9
08
06
1W
b000 :
15
07
0<
b00000000000000000000000000000010 .
b00000000000000000000000000010010 =
b00000000000000000000000000001100 2
b00000000000000000000000000000000 -
b00000000000000000000000000010100 >
b00000000000000000000000000001100 3
b00000000000000000000000000001100 Q
b00000000000000000000000000001100 /
b001100 X
0O
0;
0N
b00000000000000000000000000001100 4
#700000
0!
0)
b00000000000000000000000000010100 ?
b00000000000000000000000000010100 +
b000101 C
b00000000000000000000000000010110 =
b00000000000000000000000000011000 1
b00000000000000000000000000011000 >
b00000000000000000000000000001100 -
b00000000000000000000000000011000 Q
b00000000000000000000000000011000 /
b011000 X
b00000000000000000000000000011000 4
#750000
1!
1)
b000101 H
b011000 \
b00000000000000000000000000001100 ]
#751000
bxxxxxxxxxxxxxxxxxxxxxxxxxxxxxxxx E
bxxxxxxxxxxxxxxxxxxxxxxxxxxxxxxxx ,
bxxxxx J
bxxxxx K
bxxxxx L
bxxxxxxx R
bxxxxxxx S
bxxx T
bxx U
bxx 9
x8
x6
xW
bxxx :
bxxxxxxxxxxxxxxxxxxxxxxxxxxxxxxxx .
b00000000000000000000000xxxxxxxxx =
x5
bxxxxxxxxxxxxxxxxxxxxxxxxxxxxxxxx 4
x7
x<
bxxxxxxxxxxxxxxxxxxxxxxxxxxxxxxxx 2
bxxxxxxxxxxxxxxxxxxxxxxxxxxxxxxxx -
bxxxxxxxxxxxxxxxxxxxxxxxxxxxxxxxx /
bxxxxxx X
xO
x;
bxxxxxxxxxxxxxxxxxxxxxxxxxxxxxxxx Q
bxxxxxxxxxxxxxxxxxxxxxxxxxxxxxxxx 3
b00000000000000000000000xxxxxxxxx >
xN
#753000
b00000000000100100000001000010011 E
b00000000000100100000001000010011 ,
b00100 J
b00001 K
b00100 L
b0010011 R
b0000000 S
b000 T
b00 U
b00 9
08
06
1W
b000 :
15
17
0<
b00000000000000000000000000000001 .
b00000000000000000000000000010101 =
b00000000000000000000000000001000 2
b00000000000000000000000000000000 -
b00000000000000000000000000011000 >
b00000000000000000000000000000001 3
b00000000000000000000000000000001 Q
b00000000000000000000000000000001 /
b000001 X
0O
0;
0N
b00000000000000000000000000000001 4
#800000
0!
0)
b00000000000000000000000000011000 ?
b00000000000000000000000000011000 +
b000110 C
b00000000000000000000000000011001 =
b00000000000000000000000000011100 1
b00000000000000000000000000011100 >
b00000000000000000000000000000001 -
b00000000000000000000000000000010 Q
b00000000000000000000000000000010 /
b000010 X
b00000000000000000000000000000010 4
#850000
1!
1)
b000110 H
b000010 \
b00000000000000000000000000001000 ]
#851000
bxxxxxxxxxxxxxxxxxxxxxxxxxxxxxxxx E
bxxxxxxxxxxxxxxxxxxxxxxxxxxxxxxxx ,
bxxxxx J
bxxxxx K
bxxxxx L
bxxxxxxx R
bxxxxxxx S
bxxx T
bxx U
bxx 9
x8
x6
xW
bxxx :
bxxxxxxxxxxxxxxxxxxxxxxxxxxxxxxxx .
b00000000000000000000000xxxxxxxxx =
x5
bxxxxxxxxxxxxxxxxxxxxxxxxxxxxxxxx 4
x7
x<
bxxxxxxxxxxxxxxxxxxxxxxxxxxxxxxxx 2
bxxxxxxxxxxxxxxxxxxxxxxxxxxxxxxxx -
bxxxxxxxxxxxxxxxxxxxxxxxxxxxxxxxx /
bxxxxxx X
xO
x;
bxxxxxxxxxxxxxxxxxxxxxxxxxxxxxxxx Q
bxxxxxxxxxxxxxxxxxxxxxxxxxxxxxxxx 3
b00000000000000000000000xxxxxxxxx >
xN
#853000
b11111110000100100001110011100011 E
b11111110000100100001110011100011 ,
b00100 J
b00001 K
b11001 L
b1100011 R
b1111111 S
b001 T
b01 U
b10 9
08
06
1W
b001 :
b00000000000000000001011111111000 .
b00000000000000000000000000010000 =
05
07
b00000000000000000000000000001000 2
b00000000000000000000000000000001 -
b0000000000000000000000000001xx00 >
b00000000000000000000000000001000 3
0N
b11111111111111111111111111111001 Q
b11111111111111111111111111111001 /
b111001 X
1O
0;
1<
b11111111111111111111111111111001 4
b00000000000000000000000000010000 >
#900000
0!
0)
b00000000000000000000000000010000 ?
b00000000000000000000000000010000 +
b000100 C
b00000000000000000000000000001000 =
b00000000000000000000000000010100 1
b00000000000000000000000000001000 >
#950000
1!
1)
b000100 H
b111001 \
#951000
bxxxxxxxxxxxxxxxxxxxxxxxxxxxxxxxx E
bxxxxxxxxxxxxxxxxxxxxxxxxxxxxxxxx ,
bxxxxx J
bxxxxx K
bxxxxx L
bxxxxxxx R
bxxxxxxx S
bxxx T
bxx U
bxx 9
x8
x6
xW
x<
bxxx :
bxxxxxxxxxxxxxxxxxxxxxxxxxxxxxxxx .
b00000000000000000000000xxxxxxxxx =
x5
bxxxxxxxxxxxxxxxxxxxxxxxxxxxxxxxx 4
x7
bxxxxxxxxxxxxxxxxxxxxxxxxxxxxxxxx 2
bxxxxxxxxxxxxxxxxxxxxxxxxxxxxxxxx -
b00000000000000000000000xxxxxxxxx >
bxxxxxxxxxxxxxxxxxxxxxxxxxxxxxxxx /
bxxxxxx X
xO
x;
xN
bxxxxxxxxxxxxxxxxxxxxxxxxxxxxxxxx Q
bxxxxxxxxxxxxxxxxxxxxxxxxxxxxxxxx 3
#953000
b00000000001000011000000110110011 E
b00000000001000011000000110110011 ,
b00011 J
b00010 K
b00011 L
b0110011 R
b0000000 S
b000 T
b10 U
b00 9
08
06
1W
b000 :
15
07
0<
b00000000000000000000000000000010 .
b00000000000000000000000000010010 =
b00000000000000000000000000001100 2
b00000000000000000000000000001100 -
b00000000000000000000000000010100 >
b00000000000000000000000000001100 3
b00000000000000000000000000011000 Q
b00000000000000000000000000011000 /
b011000 X
0O
0;
0N
b00000000000000000000000000011000 4
#1000000
0!
0)
b00000000000000000000000000010100 ?
b00000000000000000000000000010100 +
b000101 C
b00000000000000000000000000010110 =
b00000000000000000000000000011000 1
b00000000000000000000000000011000 >
b00000000000000000000000000011000 -
b00000000000000000000000000100100 Q
b00000000000000000000000000100100 /
b100100 X
b00000000000000000000000000100100 4
#1050000
1!
1)
b000101 H
b100100 \
b00000000000000000000000000001100 ]
#1051000
bxxxxxxxxxxxxxxxxxxxxxxxxxxxxxxxx E
bxxxxxxxxxxxxxxxxxxxxxxxxxxxxxxxx ,
bxxxxx J
bxxxxx K
bxxxxx L
bxxxxxxx R
bxxxxxxx S
bxxx T
bxx U
bxx 9
x8
x6
xW
bxxx :
bxxxxxxxxxxxxxxxxxxxxxxxxxxxxxxxx .
b00000000000000000000000xxxxxxxxx =
x5
bxxxxxxxxxxxxxxxxxxxxxxxxxxxxxxxx 4
x7
x<
bxxxxxxxxxxxxxxxxxxxxxxxxxxxxxxxx 2
bxxxxxxxxxxxxxxxxxxxxxxxxxxxxxxxx -
bxxxxxxxxxxxxxxxxxxxxxxxxxxxxxxxx /
bxxxxxx X
xO
x;
bxxxxxxxxxxxxxxxxxxxxxxxxxxxxxxxx Q
bxxxxxxxxxxxxxxxxxxxxxxxxxxxxxxxx 3
b00000000000000000000000xxxxxxxxx >
xN
#1053000
b00000000000100100000001000010011 E
b00000000000100100000001000010011 ,
b00100 J
b00001 K
b00100 L
b0010011 R
b0000000 S
b000 T
b00 U
b00 9
08
06
1W
b000 :
15
17
0<
b00000000000000000000000000000001 .
b00000000000000000000000000010101 =
b00000000000000000000000000001000 2
b00000000000000000000000000000001 -
b00000000000000000000000000011000 >
b00000000000000000000000000000001 3
b00000000000000000000000000000010 Q
b00000000000000000000000000000010 /
b000010 X
0O
0;
0N
b00000000000000000000000000000010 4
#1100000
0!
0)
b00000000000000000000000000011000 ?
b00000000000000000000000000011000 +
b000110 C
b00000000000000000000000000011001 =
b00000000000000000000000000011100 1
b00000000000000000000000000011100 >
b00000000000000000000000000000010 -
b00000000000000000000000000000011 Q
b00000000000000000000000000000011 /
b000011 X
b00000000000000000000000000000011 4
#1150000
1!
1)
b000110 H
b000011 \
b00000000000000000000000000001000 ]
#1151000
bxxxxxxxxxxxxxxxxxxxxxxxxxxxxxxxx E
bxxxxxxxxxxxxxxxxxxxxxxxxxxxxxxxx ,
bxxxxx J
bxxxxx K
bxxxxx L
bxxxxxxx R
bxxxxxxx S
bxxx T
bxx U
bxx 9
x8
x6
xW
bxxx :
bxxxxxxxxxxxxxxxxxxxxxxxxxxxxxxxx .
b00000000000000000000000xxxxxxxxx =
x5
bxxxxxxxxxxxxxxxxxxxxxxxxxxxxxxxx 4
x7
x<
bxxxxxxxxxxxxxxxxxxxxxxxxxxxxxxxx 2
bxxxxxxxxxxxxxxxxxxxxxxxxxxxxxxxx -
bxxxxxxxxxxxxxxxxxxxxxxxxxxxxxxxx /
bxxxxxx X
xO
x;
bxxxxxxxxxxxxxxxxxxxxxxxxxxxxxxxx Q
bxxxxxxxxxxxxxxxxxxxxxxxxxxxxxxxx 3
b00000000000000000000000xxxxxxxxx >
xN
#1153000
b11111110000100100001110011100011 E
b11111110000100100001110011100011 ,
b00100 J
b00001 K
b11001 L
b1100011 R
b1111111 S
b001 T
b01 U
b10 9
08
06
1W
b001 :
b00000000000000000001011111111000 .
b00000000000000000000000000010000 =
05
07
b00000000000000000000000000001000 2
b00000000000000000000000000000010 -
b0000000000000000000000000001xx00 >
b00000000000000000000000000001000 3
0N
b11111111111111111111111111111010 Q
b11111111111111111111111111111010 /
b111010 X
1O
0;
1<
b11111111111111111111111111111010 4
b00000000000000000000000000010000 >
#1200000
0!
0)
b00000000000000000000000000010000 ?
b00000000000000000000000000010000 +
b000100 C
b00000000000000000000000000001000 =
b00000000000000000000000000010100 1
b00000000000000000000000000001000 >
#1250000
1!
1)
b000100 H
b111010 \
#1251000
bxxxxxxxxxxxxxxxxxxxxxxxxxxxxxxxx E
bxxxxxxxxxxxxxxxxxxxxxxxxxxxxxxxx ,
bxxxxx J
bxxxxx K
bxxxxx L
bxxxxxxx R
bxxxxxxx S
bxxx T
bxx U
bxx 9
x8
x6
xW
x<
bxxx :
bxxxxxxxxxxxxxxxxxxxxxxxxxxxxxxxx .
b00000000000000000000000xxxxxxxxx =
x5
bxxxxxxxxxxxxxxxxxxxxxxxxxxxxxxxx 4
x7
bxxxxxxxxxxxxxxxxxxxxxxxxxxxxxxxx 2
bxxxxxxxxxxxxxxxxxxxxxxxxxxxxxxxx -
b00000000000000000000000xxxxxxxxx >
bxxxxxxxxxxxxxxxxxxxxxxxxxxxxxxxx /
bxxxxxx X
xO
x;
xN
bxxxxxxxxxxxxxxxxxxxxxxxxxxxxxxxx Q
bxxxxxxxxxxxxxxxxxxxxxxxxxxxxxxxx 3
#1253000
b00000000001000011000000110110011 E
b00000000001000011000000110110011 ,
b00011 J
b00010 K
b00011 L
b0110011 R
b0000000 S
b000 T
b10 U
b00 9
08
06
1W
b000 :
15
07
0<
b00000000000000000000000000000010 .
b00000000000000000000000000010010 =
b00000000000000000000000000001100 2
b00000000000000000000000000011000 -
b00000000000000000000000000010100 >
b00000000000000000000000000001100 3
b00000000000000000000000000100100 Q
b00000000000000000000000000100100 /
b100100 X
0O
0;
0N
b00000000000000000000000000100100 4
#1300000
0!
0)
b00000000000000000000000000010100 ?
b00000000000000000000000000010100 +
b000101 C
b00000000000000000000000000010110 =
b00000000000000000000000000011000 1
b00000000000000000000000000011000 >
b00000000000000000000000000100100 -
b00000000000000000000000000110000 Q
b00000000000000000000000000110000 /
b110000 X
b00000000000000000000000000110000 4
#1350000
1!
1)
b000101 H
b110000 \
b00000000000000000000000000001100 ]
#1351000
bxxxxxxxxxxxxxxxxxxxxxxxxxxxxxxxx E
bxxxxxxxxxxxxxxxxxxxxxxxxxxxxxxxx ,
bxxxxx J
bxxxxx K
bxxxxx L
bxxxxxxx R
bxxxxxxx S
bxxx T
bxx U
bxx 9
x8
x6
xW
bxxx :
bxxxxxxxxxxxxxxxxxxxxxxxxxxxxxxxx .
b00000000000000000000000xxxxxxxxx =
x5
bxxxxxxxxxxxxxxxxxxxxxxxxxxxxxxxx 4
x7
x<
bxxxxxxxxxxxxxxxxxxxxxxxxxxxxxxxx 2
bxxxxxxxxxxxxxxxxxxxxxxxxxxxxxxxx -
bxxxxxxxxxxxxxxxxxxxxxxxxxxxxxxxx /
bxxxxxx X
xO
x;
bxxxxxxxxxxxxxxxxxxxxxxxxxxxxxxxx Q
bxxxxxxxxxxxxxxxxxxxxxxxxxxxxxxxx 3
b00000000000000000000000xxxxxxxxx >
xN
#1353000
b00000000000100100000001000010011 E
b00000000000100100000001000010011 ,
b00100 J
b00001 K
b00100 L
b0010011 R
b0000000 S
b000 T
b00 U
b00 9
08
06
1W
b000 :
15
17
0<
b00000000000000000000000000000001 .
b00000000000000000000000000010101 =
b00000000000000000000000000001000 2
b00000000000000000000000000000010 -
b00000000000000000000000000011000 >
b00000000000000000000000000000001 3
b00000000000000000000000000000011 Q
b00000000000000000000000000000011 /
b000011 X
0O
0;
0N
b00000000000000000000000000000011 4
#1400000
0!
0)
b00000000000000000000000000011000 ?
b00000000000000000000000000011000 +
b000110 C
b00000000000000000000000000011001 =
b00000000000000000000000000011100 1
b00000000000000000000000000011100 >
b00000000000000000000000000000011 -
b00000000000000000000000000000100 Q
b00000000000000000000000000000100 /
b000100 X
b00000000000000000000000000000100 4
#1450000
1!
1)
b000110 H
b000100 \
b00000000000000000000000000001000 ]
#1451000
bxxxxxxxxxxxxxxxxxxxxxxxxxxxxxxxx E
bxxxxxxxxxxxxxxxxxxxxxxxxxxxxxxxx ,
bxxxxx J
bxxxxx K
bxxxxx L
bxxxxxxx R
bxxxxxxx S
bxxx T
bxx U
bxx 9
x8
x6
xW
bxxx :
bxxxxxxxxxxxxxxxxxxxxxxxxxxxxxxxx .
b00000000000000000000000xxxxxxxxx =
x5
bxxxxxxxxxxxxxxxxxxxxxxxxxxxxxxxx 4
x7
x<
bxxxxxxxxxxxxxxxxxxxxxxxxxxxxxxxx 2
bxxxxxxxxxxxxxxxxxxxxxxxxxxxxxxxx -
bxxxxxxxxxxxxxxxxxxxxxxxxxxxxxxxx /
bxxxxxx X
xO
x;
bxxxxxxxxxxxxxxxxxxxxxxxxxxxxxxxx Q
bxxxxxxxxxxxxxxxxxxxxxxxxxxxxxxxx 3
b00000000000000000000000xxxxxxxxx >
xN
#1453000
b11111110000100100001110011100011 E
b11111110000100100001110011100011 ,
b00100 J
b00001 K
b11001 L
b1100011 R
b1111111 S
b001 T
b01 U
b10 9
08
06
1W
b001 :
b00000000000000000001011111111000 .
b00000000000000000000000000010000 =
05
07
b00000000000000000000000000001000 2
b00000000000000000000000000000011 -
b0000000000000000000000000001xx00 >
b00000000000000000000000000001000 3
0N
b11111111111111111111111111111011 Q
b11111111111111111111111111111011 /
b111011 X
1O
0;
1<
b11111111111111111111111111111011 4
b00000000000000000000000000010000 >
#1500000
0!
0)
b00000000000000000000000000010000 ?
b00000000000000000000000000010000 +
b000100 C
b00000000000000000000000000001000 =
b00000000000000000000000000010100 1
b00000000000000000000000000001000 >
#1550000
1!
1)
b000100 H
b111011 \
#1551000
bxxxxxxxxxxxxxxxxxxxxxxxxxxxxxxxx E
bxxxxxxxxxxxxxxxxxxxxxxxxxxxxxxxx ,
bxxxxx J
bxxxxx K
bxxxxx L
bxxxxxxx R
bxxxxxxx S
bxxx T
bxx U
bxx 9
x8
x6
xW
x<
bxxx :
bxxxxxxxxxxxxxxxxxxxxxxxxxxxxxxxx .
b00000000000000000000000xxxxxxxxx =
x5
bxxxxxxxxxxxxxxxxxxxxxxxxxxxxxxxx 4
x7
bxxxxxxxxxxxxxxxxxxxxxxxxxxxxxxxx 2
bxxxxxxxxxxxxxxxxxxxxxxxxxxxxxxxx -
b00000000000000000000000xxxxxxxxx >
bxxxxxxxxxxxxxxxxxxxxxxxxxxxxxxxx /
bxxxxxx X
xO
x;
xN
bxxxxxxxxxxxxxxxxxxxxxxxxxxxxxxxx Q
bxxxxxxxxxxxxxxxxxxxxxxxxxxxxxxxx 3
#1553000
b00000000001000011000000110110011 E
b00000000001000011000000110110011 ,
b00011 J
b00010 K
b00011 L
b0110011 R
b0000000 S
b000 T
b10 U
b00 9
08
06
1W
b000 :
15
07
0<
b00000000000000000000000000000010 .
b00000000000000000000000000010010 =
b00000000000000000000000000001100 2
b00000000000000000000000000100100 -
b00000000000000000000000000010100 >
b00000000000000000000000000001100 3
b00000000000000000000000000110000 Q
b00000000000000000000000000110000 /
b110000 X
0O
0;
0N
b00000000000000000000000000110000 4
#1600000
0!
0)
b00000000000000000000000000010100 ?
b00000000000000000000000000010100 +
b000101 C
b00000000000000000000000000010110 =
b00000000000000000000000000011000 1
b00000000000000000000000000011000 >
b00000000000000000000000000110000 -
b00000000000000000000000000111100 Q
b00000000000000000000000000111100 /
b111100 X
b00000000000000000000000000111100 4
#1650000
1!
1)
b000101 H
b111100 \
b00000000000000000000000000001100 ]
#1651000
bxxxxxxxxxxxxxxxxxxxxxxxxxxxxxxxx E
bxxxxxxxxxxxxxxxxxxxxxxxxxxxxxxxx ,
bxxxxx J
bxxxxx K
bxxxxx L
bxxxxxxx R
bxxxxxxx S
bxxx T
bxx U
bxx 9
x8
x6
xW
bxxx :
bxxxxxxxxxxxxxxxxxxxxxxxxxxxxxxxx .
b00000000000000000000000xxxxxxxxx =
x5
bxxxxxxxxxxxxxxxxxxxxxxxxxxxxxxxx 4
x7
x<
bxxxxxxxxxxxxxxxxxxxxxxxxxxxxxxxx 2
bxxxxxxxxxxxxxxxxxxxxxxxxxxxxxxxx -
bxxxxxxxxxxxxxxxxxxxxxxxxxxxxxxxx /
bxxxxxx X
xO
x;
bxxxxxxxxxxxxxxxxxxxxxxxxxxxxxxxx Q
bxxxxxxxxxxxxxxxxxxxxxxxxxxxxxxxx 3
b00000000000000000000000xxxxxxxxx >
xN
#1653000
b00000000000100100000001000010011 E
b00000000000100100000001000010011 ,
b00100 J
b00001 K
b00100 L
b0010011 R
b0000000 S
b000 T
b00 U
b00 9
08
06
1W
b000 :
15
17
0<
b00000000000000000000000000000001 .
b00000000000000000000000000010101 =
b00000000000000000000000000001000 2
b00000000000000000000000000000011 -
b00000000000000000000000000011000 >
b00000000000000000000000000000001 3
b00000000000000000000000000000100 Q
b00000000000000000000000000000100 /
b000100 X
0O
0;
0N
b00000000000000000000000000000100 4
#1700000
0!
0)
b00000000000000000000000000011000 ?
b00000000000000000000000000011000 +
b000110 C
b00000000000000000000000000011001 =
b00000000000000000000000000011100 1
b00000000000000000000000000011100 >
b00000000000000000000000000000100 -
b00000000000000000000000000000101 Q
b00000000000000000000000000000101 /
b000101 X
b00000000000000000000000000000101 4
#1750000
1!
1)
b000110 H
b000101 \
b00000000000000000000000000001000 ]
#1751000
bxxxxxxxxxxxxxxxxxxxxxxxxxxxxxxxx E
bxxxxxxxxxxxxxxxxxxxxxxxxxxxxxxxx ,
bxxxxx J
bxxxxx K
bxxxxx L
bxxxxxxx R
bxxxxxxx S
bxxx T
bxx U
bxx 9
x8
x6
xW
bxxx :
bxxxxxxxxxxxxxxxxxxxxxxxxxxxxxxxx .
b00000000000000000000000xxxxxxxxx =
x5
bxxxxxxxxxxxxxxxxxxxxxxxxxxxxxxxx 4
x7
x<
bxxxxxxxxxxxxxxxxxxxxxxxxxxxxxxxx 2
bxxxxxxxxxxxxxxxxxxxxxxxxxxxxxxxx -
bxxxxxxxxxxxxxxxxxxxxxxxxxxxxxxxx /
bxxxxxx X
xO
x;
bxxxxxxxxxxxxxxxxxxxxxxxxxxxxxxxx Q
bxxxxxxxxxxxxxxxxxxxxxxxxxxxxxxxx 3
b00000000000000000000000xxxxxxxxx >
xN
#1753000
b11111110000100100001110011100011 E
b11111110000100100001110011100011 ,
b00100 J
b00001 K
b11001 L
b1100011 R
b1111111 S
b001 T
b01 U
b10 9
08
06
1W
b001 :
b00000000000000000001011111111000 .
b00000000000000000000000000010000 =
05
07
b00000000000000000000000000001000 2
b00000000000000000000000000000100 -
b0000000000000000000000000001xx00 >
b00000000000000000000000000001000 3
0N
b11111111111111111111111111111100 Q
b11111111111111111111111111111100 /
b111100 X
1O
0;
1<
b11111111111111111111111111111100 4
b00000000000000000000000000010000 >
#1800000
0!
0)
b00000000000000000000000000010000 ?
b00000000000000000000000000010000 +
b000100 C
b00000000000000000000000000001000 =
b00000000000000000000000000010100 1
b00000000000000000000000000001000 >
#1850000
1!
1)
b000100 H
b111100 \
#1851000
bxxxxxxxxxxxxxxxxxxxxxxxxxxxxxxxx E
bxxxxxxxxxxxxxxxxxxxxxxxxxxxxxxxx ,
bxxxxx J
bxxxxx K
bxxxxx L
bxxxxxxx R
bxxxxxxx S
bxxx T
bxx U
bxx 9
x8
x6
xW
x<
bxxx :
bxxxxxxxxxxxxxxxxxxxxxxxxxxxxxxxx .
b00000000000000000000000xxxxxxxxx =
x5
bxxxxxxxxxxxxxxxxxxxxxxxxxxxxxxxx 4
x7
bxxxxxxxxxxxxxxxxxxxxxxxxxxxxxxxx 2
bxxxxxxxxxxxxxxxxxxxxxxxxxxxxxxxx -
b00000000000000000000000xxxxxxxxx >
bxxxxxxxxxxxxxxxxxxxxxxxxxxxxxxxx /
bxxxxxx X
xO
x;
xN
bxxxxxxxxxxxxxxxxxxxxxxxxxxxxxxxx Q
bxxxxxxxxxxxxxxxxxxxxxxxxxxxxxxxx 3
#1853000
b00000000001000011000000110110011 E
b00000000001000011000000110110011 ,
b00011 J
b00010 K
b00011 L
b0110011 R
b0000000 S
b000 T
b10 U
b00 9
08
06
1W
b000 :
15
07
0<
b00000000000000000000000000000010 .
b00000000000000000000000000010010 =
b00000000000000000000000000001100 2
b00000000000000000000000000110000 -
b00000000000000000000000000010100 >
b00000000000000000000000000001100 3
b00000000000000000000000000111100 Q
b00000000000000000000000000111100 /
b111100 X
0O
0;
0N
b00000000000000000000000000111100 4
#1900000
0!
0)
b00000000000000000000000000010100 ?
b00000000000000000000000000010100 +
b000101 C
b00000000000000000000000000010110 =
b00000000000000000000000000011000 1
b00000000000000000000000000011000 >
b00000000000000000000000000111100 -
b00000000000000000000000001001000 Q
b00000000000000000000000001001000 /
b001000 X
b00000000000000000000000001001000 4
#1950000
1!
1)
b000101 H
b001000 \
b00000000000000000000000000001100 ]
#1951000
bxxxxxxxxxxxxxxxxxxxxxxxxxxxxxxxx E
bxxxxxxxxxxxxxxxxxxxxxxxxxxxxxxxx ,
bxxxxx J
bxxxxx K
bxxxxx L
bxxxxxxx R
bxxxxxxx S
bxxx T
bxx U
bxx 9
x8
x6
xW
bxxx :
bxxxxxxxxxxxxxxxxxxxxxxxxxxxxxxxx .
b00000000000000000000000xxxxxxxxx =
x5
bxxxxxxxxxxxxxxxxxxxxxxxxxxxxxxxx 4
x7
x<
bxxxxxxxxxxxxxxxxxxxxxxxxxxxxxxxx 2
bxxxxxxxxxxxxxxxxxxxxxxxxxxxxxxxx -
bxxxxxxxxxxxxxxxxxxxxxxxxxxxxxxxx /
bxxxxxx X
xO
x;
bxxxxxxxxxxxxxxxxxxxxxxxxxxxxxxxx Q
bxxxxxxxxxxxxxxxxxxxxxxxxxxxxxxxx 3
b00000000000000000000000xxxxxxxxx >
xN
#1953000
b00000000000100100000001000010011 E
b00000000000100100000001000010011 ,
b00100 J
b00001 K
b00100 L
b0010011 R
b0000000 S
b000 T
b00 U
b00 9
08
06
1W
b000 :
15
17
0<
b00000000000000000000000000000001 .
b00000000000000000000000000010101 =
b00000000000000000000000000001000 2
b00000000000000000000000000000100 -
b00000000000000000000000000011000 >
b00000000000000000000000000000001 3
b00000000000000000000000000000101 Q
b00000000000000000000000000000101 /
b000101 X
0O
0;
0N
b00000000000000000000000000000101 4
#2000000
0!
0)
b00000000000000000000000000011000 ?
b00000000000000000000000000011000 +
b000110 C
b00000000000000000000000000011001 =
b00000000000000000000000000011100 1
b00000000000000000000000000011100 >
b00000000000000000000000000000101 -
b00000000000000000000000000000110 Q
b00000000000000000000000000000110 /
b000110 X
b00000000000000000000000000000110 4
#2050000
1!
1)
b000110 H
b000110 \
b00000000000000000000000000001000 ]
#2051000
bxxxxxxxxxxxxxxxxxxxxxxxxxxxxxxxx E
bxxxxxxxxxxxxxxxxxxxxxxxxxxxxxxxx ,
bxxxxx J
bxxxxx K
bxxxxx L
bxxxxxxx R
bxxxxxxx S
bxxx T
bxx U
bxx 9
x8
x6
xW
bxxx :
bxxxxxxxxxxxxxxxxxxxxxxxxxxxxxxxx .
b00000000000000000000000xxxxxxxxx =
x5
bxxxxxxxxxxxxxxxxxxxxxxxxxxxxxxxx 4
x7
x<
bxxxxxxxxxxxxxxxxxxxxxxxxxxxxxxxx 2
bxxxxxxxxxxxxxxxxxxxxxxxxxxxxxxxx -
bxxxxxxxxxxxxxxxxxxxxxxxxxxxxxxxx /
bxxxxxx X
xO
x;
bxxxxxxxxxxxxxxxxxxxxxxxxxxxxxxxx Q
bxxxxxxxxxxxxxxxxxxxxxxxxxxxxxxxx 3
b00000000000000000000000xxxxxxxxx >
xN
#2053000
b11111110000100100001110011100011 E
b11111110000100100001110011100011 ,
b00100 J
b00001 K
b11001 L
b1100011 R
b1111111 S
b001 T
b01 U
b10 9
08
06
1W
b001 :
b00000000000000000001011111111000 .
b00000000000000000000000000010000 =
05
07
b00000000000000000000000000001000 2
b00000000000000000000000000000101 -
b0000000000000000000000000001xx00 >
b00000000000000000000000000001000 3
0N
b11111111111111111111111111111101 Q
b11111111111111111111111111111101 /
b111101 X
1O
0;
1<
b11111111111111111111111111111101 4
b00000000000000000000000000010000 >
#2100000
0!
0)
b00000000000000000000000000010000 ?
b00000000000000000000000000010000 +
b000100 C
b00000000000000000000000000001000 =
b00000000000000000000000000010100 1
b00000000000000000000000000001000 >
#2150000
1!
1)
b000100 H
b111101 \
#2151000
bxxxxxxxxxxxxxxxxxxxxxxxxxxxxxxxx E
bxxxxxxxxxxxxxxxxxxxxxxxxxxxxxxxx ,
bxxxxx J
bxxxxx K
bxxxxx L
bxxxxxxx R
bxxxxxxx S
bxxx T
bxx U
bxx 9
x8
x6
xW
x<
bxxx :
bxxxxxxxxxxxxxxxxxxxxxxxxxxxxxxxx .
b00000000000000000000000xxxxxxxxx =
x5
bxxxxxxxxxxxxxxxxxxxxxxxxxxxxxxxx 4
x7
bxxxxxxxxxxxxxxxxxxxxxxxxxxxxxxxx 2
bxxxxxxxxxxxxxxxxxxxxxxxxxxxxxxxx -
b00000000000000000000000xxxxxxxxx >
bxxxxxxxxxxxxxxxxxxxxxxxxxxxxxxxx /
bxxxxxx X
xO
x;
xN
bxxxxxxxxxxxxxxxxxxxxxxxxxxxxxxxx Q
bxxxxxxxxxxxxxxxxxxxxxxxxxxxxxxxx 3
#2153000
b00000000001000011000000110110011 E
b00000000001000011000000110110011 ,
b00011 J
b00010 K
b00011 L
b0110011 R
b0000000 S
b000 T
b10 U
b00 9
08
06
1W
b000 :
15
07
0<
b00000000000000000000000000000010 .
b00000000000000000000000000010010 =
b00000000000000000000000000001100 2
b00000000000000000000000000111100 -
b00000000000000000000000000010100 >
b00000000000000000000000000001100 3
b00000000000000000000000001001000 Q
b00000000000000000000000001001000 /
b001000 X
0O
0;
0N
b00000000000000000000000001001000 4
#2200000
0!
0)
b00000000000000000000000000010100 ?
b00000000000000000000000000010100 +
b000101 C
b00000000000000000000000000010110 =
b00000000000000000000000000011000 1
b00000000000000000000000000011000 >
b00000000000000000000000001001000 -
b00000000000000000000000001010100 Q
b00000000000000000000000001010100 /
b010100 X
b00000000000000000000000001010100 4
#2250000
1!
1)
b000101 H
b010100 \
b00000000000000000000000000001100 ]
#2251000
bxxxxxxxxxxxxxxxxxxxxxxxxxxxxxxxx E
bxxxxxxxxxxxxxxxxxxxxxxxxxxxxxxxx ,
bxxxxx J
bxxxxx K
bxxxxx L
bxxxxxxx R
bxxxxxxx S
bxxx T
bxx U
bxx 9
x8
x6
xW
bxxx :
bxxxxxxxxxxxxxxxxxxxxxxxxxxxxxxxx .
b00000000000000000000000xxxxxxxxx =
x5
bxxxxxxxxxxxxxxxxxxxxxxxxxxxxxxxx 4
x7
x<
bxxxxxxxxxxxxxxxxxxxxxxxxxxxxxxxx 2
bxxxxxxxxxxxxxxxxxxxxxxxxxxxxxxxx -
bxxxxxxxxxxxxxxxxxxxxxxxxxxxxxxxx /
bxxxxxx X
xO
x;
bxxxxxxxxxxxxxxxxxxxxxxxxxxxxxxxx Q
bxxxxxxxxxxxxxxxxxxxxxxxxxxxxxxxx 3
b00000000000000000000000xxxxxxxxx >
xN
#2253000
b00000000000100100000001000010011 E
b00000000000100100000001000010011 ,
b00100 J
b00001 K
b00100 L
b0010011 R
b0000000 S
b000 T
b00 U
b00 9
08
06
1W
b000 :
15
17
0<
b00000000000000000000000000000001 .
b00000000000000000000000000010101 =
b00000000000000000000000000001000 2
b00000000000000000000000000000101 -
b00000000000000000000000000011000 >
b00000000000000000000000000000001 3
b00000000000000000000000000000110 Q
b00000000000000000000000000000110 /
b000110 X
0O
0;
0N
b00000000000000000000000000000110 4
#2300000
0!
0)
b00000000000000000000000000011000 ?
b00000000000000000000000000011000 +
b000110 C
b00000000000000000000000000011001 =
b00000000000000000000000000011100 1
b00000000000000000000000000011100 >
b00000000000000000000000000000110 -
b00000000000000000000000000000111 Q
b00000000000000000000000000000111 /
b000111 X
b00000000000000000000000000000111 4
#2350000
1!
1)
b000110 H
b000111 \
b00000000000000000000000000001000 ]
#2351000
bxxxxxxxxxxxxxxxxxxxxxxxxxxxxxxxx E
bxxxxxxxxxxxxxxxxxxxxxxxxxxxxxxxx ,
bxxxxx J
bxxxxx K
bxxxxx L
bxxxxxxx R
bxxxxxxx S
bxxx T
bxx U
bxx 9
x8
x6
xW
bxxx :
bxxxxxxxxxxxxxxxxxxxxxxxxxxxxxxxx .
b00000000000000000000000xxxxxxxxx =
x5
bxxxxxxxxxxxxxxxxxxxxxxxxxxxxxxxx 4
x7
x<
bxxxxxxxxxxxxxxxxxxxxxxxxxxxxxxxx 2
bxxxxxxxxxxxxxxxxxxxxxxxxxxxxxxxx -
bxxxxxxxxxxxxxxxxxxxxxxxxxxxxxxxx /
bxxxxxx X
xO
x;
bxxxxxxxxxxxxxxxxxxxxxxxxxxxxxxxx Q
bxxxxxxxxxxxxxxxxxxxxxxxxxxxxxxxx 3
b00000000000000000000000xxxxxxxxx >
xN
#2353000
b11111110000100100001110011100011 E
b11111110000100100001110011100011 ,
b00100 J
b00001 K
b11001 L
b1100011 R
b1111111 S
b001 T
b01 U
b10 9
08
06
1W
b001 :
b00000000000000000001011111111000 .
b00000000000000000000000000010000 =
05
07
b00000000000000000000000000001000 2
b00000000000000000000000000000110 -
b0000000000000000000000000001xx00 >
b00000000000000000000000000001000 3
0N
b11111111111111111111111111111110 Q
b11111111111111111111111111111110 /
b111110 X
1O
0;
1<
b11111111111111111111111111111110 4
b00000000000000000000000000010000 >
#2400000
0!
0)
b00000000000000000000000000010000 ?
b00000000000000000000000000010000 +
b000100 C
b00000000000000000000000000001000 =
b00000000000000000000000000010100 1
b00000000000000000000000000001000 >
#2450000
1!
1)
b000100 H
b111110 \
#2451000
bxxxxxxxxxxxxxxxxxxxxxxxxxxxxxxxx E
bxxxxxxxxxxxxxxxxxxxxxxxxxxxxxxxx ,
bxxxxx J
bxxxxx K
bxxxxx L
bxxxxxxx R
bxxxxxxx S
bxxx T
bxx U
bxx 9
x8
x6
xW
x<
bxxx :
bxxxxxxxxxxxxxxxxxxxxxxxxxxxxxxxx .
b00000000000000000000000xxxxxxxxx =
x5
bxxxxxxxxxxxxxxxxxxxxxxxxxxxxxxxx 4
x7
bxxxxxxxxxxxxxxxxxxxxxxxxxxxxxxxx 2
bxxxxxxxxxxxxxxxxxxxxxxxxxxxxxxxx -
b00000000000000000000000xxxxxxxxx >
bxxxxxxxxxxxxxxxxxxxxxxxxxxxxxxxx /
bxxxxxx X
xO
x;
xN
bxxxxxxxxxxxxxxxxxxxxxxxxxxxxxxxx Q
bxxxxxxxxxxxxxxxxxxxxxxxxxxxxxxxx 3
#2453000
b00000000001000011000000110110011 E
b00000000001000011000000110110011 ,
b00011 J
b00010 K
b00011 L
b0110011 R
b0000000 S
b000 T
b10 U
b00 9
08
06
1W
b000 :
15
07
0<
b00000000000000000000000000000010 .
b00000000000000000000000000010010 =
b00000000000000000000000000001100 2
b00000000000000000000000001001000 -
b00000000000000000000000000010100 >
b00000000000000000000000000001100 3
b00000000000000000000000001010100 Q
b00000000000000000000000001010100 /
b010100 X
0O
0;
0N
b00000000000000000000000001010100 4
#2500000
0!
0)
b00000000000000000000000000010100 ?
b00000000000000000000000000010100 +
b000101 C
b00000000000000000000000000010110 =
b00000000000000000000000000011000 1
b00000000000000000000000000011000 >
b00000000000000000000000001010100 -
b00000000000000000000000001100000 Q
b00000000000000000000000001100000 /
b100000 X
b00000000000000000000000001100000 4
#2550000
1!
1)
b000101 H
b100000 \
b00000000000000000000000000001100 ]
#2551000
bxxxxxxxxxxxxxxxxxxxxxxxxxxxxxxxx E
bxxxxxxxxxxxxxxxxxxxxxxxxxxxxxxxx ,
bxxxxx J
bxxxxx K
bxxxxx L
bxxxxxxx R
bxxxxxxx S
bxxx T
bxx U
bxx 9
x8
x6
xW
bxxx :
bxxxxxxxxxxxxxxxxxxxxxxxxxxxxxxxx .
b00000000000000000000000xxxxxxxxx =
x5
bxxxxxxxxxxxxxxxxxxxxxxxxxxxxxxxx 4
x7
x<
bxxxxxxxxxxxxxxxxxxxxxxxxxxxxxxxx 2
bxxxxxxxxxxxxxxxxxxxxxxxxxxxxxxxx -
bxxxxxxxxxxxxxxxxxxxxxxxxxxxxxxxx /
bxxxxxx X
xO
x;
bxxxxxxxxxxxxxxxxxxxxxxxxxxxxxxxx Q
bxxxxxxxxxxxxxxxxxxxxxxxxxxxxxxxx 3
b00000000000000000000000xxxxxxxxx >
xN
#2553000
b00000000000100100000001000010011 E
b00000000000100100000001000010011 ,
b00100 J
b00001 K
b00100 L
b0010011 R
b0000000 S
b000 T
b00 U
b00 9
08
06
1W
b000 :
15
17
0<
b00000000000000000000000000000001 .
b00000000000000000000000000010101 =
b00000000000000000000000000001000 2
b00000000000000000000000000000110 -
b00000000000000000000000000011000 >
b00000000000000000000000000000001 3
b00000000000000000000000000000111 Q
b00000000000000000000000000000111 /
b000111 X
0O
0;
0N
b00000000000000000000000000000111 4
#2600000
0!
0)
b00000000000000000000000000011000 ?
b00000000000000000000000000011000 +
b000110 C
b00000000000000000000000000011001 =
b00000000000000000000000000011100 1
b00000000000000000000000000011100 >
b00000000000000000000000000000111 -
b00000000000000000000000000001000 Q
b00000000000000000000000000001000 /
b001000 X
b00000000000000000000000000001000 4
#2650000
1!
1)
b000110 H
b001000 \
b00000000000000000000000000001000 ]
#2651000
bxxxxxxxxxxxxxxxxxxxxxxxxxxxxxxxx E
bxxxxxxxxxxxxxxxxxxxxxxxxxxxxxxxx ,
bxxxxx J
bxxxxx K
bxxxxx L
bxxxxxxx R
bxxxxxxx S
bxxx T
bxx U
bxx 9
x8
x6
xW
bxxx :
bxxxxxxxxxxxxxxxxxxxxxxxxxxxxxxxx .
b00000000000000000000000xxxxxxxxx =
x5
bxxxxxxxxxxxxxxxxxxxxxxxxxxxxxxxx 4
x7
x<
bxxxxxxxxxxxxxxxxxxxxxxxxxxxxxxxx 2
bxxxxxxxxxxxxxxxxxxxxxxxxxxxxxxxx -
bxxxxxxxxxxxxxxxxxxxxxxxxxxxxxxxx /
bxxxxxx X
xO
x;
bxxxxxxxxxxxxxxxxxxxxxxxxxxxxxxxx Q
bxxxxxxxxxxxxxxxxxxxxxxxxxxxxxxxx 3
b00000000000000000000000xxxxxxxxx >
xN
#2653000
b11111110000100100001110011100011 E
b11111110000100100001110011100011 ,
b00100 J
b00001 K
b11001 L
b1100011 R
b1111111 S
b001 T
b01 U
b10 9
08
06
1W
b001 :
b00000000000000000001011111111000 .
b00000000000000000000000000010000 =
05
07
b00000000000000000000000000001000 2
b00000000000000000000000000000111 -
b0000000000000000000000000001xx00 >
b00000000000000000000000000001000 3
0N
b11111111111111111111111111111111 Q
b11111111111111111111111111111111 /
b111111 X
1O
0;
1<
b11111111111111111111111111111111 4
b00000000000000000000000000010000 >
#2700000
0!
0)
b00000000000000000000000000010000 ?
b00000000000000000000000000010000 +
b000100 C
b00000000000000000000000000001000 =
b00000000000000000000000000010100 1
b00000000000000000000000000001000 >
#2750000
1!
1)
b000100 H
b111111 \
#2751000
bxxxxxxxxxxxxxxxxxxxxxxxxxxxxxxxx E
bxxxxxxxxxxxxxxxxxxxxxxxxxxxxxxxx ,
bxxxxx J
bxxxxx K
bxxxxx L
bxxxxxxx R
bxxxxxxx S
bxxx T
bxx U
bxx 9
x8
x6
xW
x<
bxxx :
bxxxxxxxxxxxxxxxxxxxxxxxxxxxxxxxx .
b00000000000000000000000xxxxxxxxx =
x5
bxxxxxxxxxxxxxxxxxxxxxxxxxxxxxxxx 4
x7
bxxxxxxxxxxxxxxxxxxxxxxxxxxxxxxxx 2
bxxxxxxxxxxxxxxxxxxxxxxxxxxxxxxxx -
b00000000000000000000000xxxxxxxxx >
bxxxxxxxxxxxxxxxxxxxxxxxxxxxxxxxx /
bxxxxxx X
xO
x;
xN
bxxxxxxxxxxxxxxxxxxxxxxxxxxxxxxxx Q
bxxxxxxxxxxxxxxxxxxxxxxxxxxxxxxxx 3
#2753000
b00000000001000011000000110110011 E
b00000000001000011000000110110011 ,
b00011 J
b00010 K
b00011 L
b0110011 R
b0000000 S
b000 T
b10 U
b00 9
08
06
1W
b000 :
15
07
0<
b00000000000000000000000000000010 .
b00000000000000000000000000010010 =
b00000000000000000000000000001100 2
b00000000000000000000000001010100 -
b00000000000000000000000000010100 >
b00000000000000000000000000001100 3
b00000000000000000000000001100000 Q
b00000000000000000000000001100000 /
b100000 X
0O
0;
0N
b00000000000000000000000001100000 4
#2800000
0!
0)
b00000000000000000000000000010100 ?
b00000000000000000000000000010100 +
b000101 C
b00000000000000000000000000010110 =
b00000000000000000000000000011000 1
b00000000000000000000000000011000 >
b00000000000000000000000001100000 -
b00000000000000000000000001101100 Q
b00000000000000000000000001101100 /
b101100 X
b00000000000000000000000001101100 4
#2850000
1!
1)
b000101 H
b101100 \
b00000000000000000000000000001100 ]
#2851000
bxxxxxxxxxxxxxxxxxxxxxxxxxxxxxxxx E
bxxxxxxxxxxxxxxxxxxxxxxxxxxxxxxxx ,
bxxxxx J
bxxxxx K
bxxxxx L
bxxxxxxx R
bxxxxxxx S
bxxx T
bxx U
bxx 9
x8
x6
xW
bxxx :
bxxxxxxxxxxxxxxxxxxxxxxxxxxxxxxxx .
b00000000000000000000000xxxxxxxxx =
x5
bxxxxxxxxxxxxxxxxxxxxxxxxxxxxxxxx 4
x7
x<
bxxxxxxxxxxxxxxxxxxxxxxxxxxxxxxxx 2
bxxxxxxxxxxxxxxxxxxxxxxxxxxxxxxxx -
bxxxxxxxxxxxxxxxxxxxxxxxxxxxxxxxx /
bxxxxxx X
xO
x;
bxxxxxxxxxxxxxxxxxxxxxxxxxxxxxxxx Q
bxxxxxxxxxxxxxxxxxxxxxxxxxxxxxxxx 3
b00000000000000000000000xxxxxxxxx >
xN
#2853000
b00000000000100100000001000010011 E
b00000000000100100000001000010011 ,
b00100 J
b00001 K
b00100 L
b0010011 R
b0000000 S
b000 T
b00 U
b00 9
08
06
1W
b000 :
15
17
0<
b00000000000000000000000000000001 .
b00000000000000000000000000010101 =
b00000000000000000000000000001000 2
b00000000000000000000000000000111 -
b00000000000000000000000000011000 >
b00000000000000000000000000000001 3
b00000000000000000000000000001000 Q
b00000000000000000000000000001000 /
b001000 X
0O
0;
0N
b00000000000000000000000000001000 4
#2900000
0!
0)
b00000000000000000000000000011000 ?
b00000000000000000000000000011000 +
b000110 C
b00000000000000000000000000011001 =
b00000000000000000000000000011100 1
b00000000000000000000000000011100 >
b00000000000000000000000000001000 -
b00000000000000000000000000001001 Q
b00000000000000000000000000001001 /
b001001 X
b00000000000000000000000000001001 4
#2950000
1!
1)
b000110 H
b001001 \
b00000000000000000000000000001000 ]
#2951000
bxxxxxxxxxxxxxxxxxxxxxxxxxxxxxxxx E
bxxxxxxxxxxxxxxxxxxxxxxxxxxxxxxxx ,
bxxxxx J
bxxxxx K
bxxxxx L
bxxxxxxx R
bxxxxxxx S
bxxx T
bxx U
bxx 9
x8
x6
xW
bxxx :
bxxxxxxxxxxxxxxxxxxxxxxxxxxxxxxxx .
b00000000000000000000000xxxxxxxxx =
x5
bxxxxxxxxxxxxxxxxxxxxxxxxxxxxxxxx 4
x7
x<
bxxxxxxxxxxxxxxxxxxxxxxxxxxxxxxxx 2
bxxxxxxxxxxxxxxxxxxxxxxxxxxxxxxxx -
bxxxxxxxxxxxxxxxxxxxxxxxxxxxxxxxx /
bxxxxxx X
xO
x;
bxxxxxxxxxxxxxxxxxxxxxxxxxxxxxxxx Q
bxxxxxxxxxxxxxxxxxxxxxxxxxxxxxxxx 3
b00000000000000000000000xxxxxxxxx >
xN
#2953000
b11111110000100100001110011100011 E
b11111110000100100001110011100011 ,
b00100 J
b00001 K
b11001 L
b1100011 R
b1111111 S
b001 T
b01 U
b10 9
08
06
1W
b001 :
b00000000000000000001011111111000 .
b00000000000000000000000000010000 =
05
07
b00000000000000000000000000001000 2
b00000000000000000000000000001000 -
b0000000000000000000000000001xx00 >
b00000000000000000000000000001000 3
0N
b00000000000000000000000000000000 Q
b00000000000000000000000000000000 /
b000000 X
0O
1;
0<
b00000000000000000000000000000000 4
b00000000000000000000000000011100 >
#3000000
0!
0)
b00000000000000000000000000011100 ?
b00000000000000000000000000011100 +
b000111 C
b00000000000000000000000000010100 =
b00000000000000000000000000100000 1
b00000000000000000000000000100000 >
#3050000
1!
1)
b000111 H
b000000 \
#3051000
bxxxxxxxxxxxxxxxxxxxxxxxxxxxxxxxx E
bxxxxxxxxxxxxxxxxxxxxxxxxxxxxxxxx ,
bxxxxx J
bxxxxx K
bxxxxx L
bxxxxxxx R
bxxxxxxx S
bxxx T
bxx U
bxx 9
x8
x6
xW
x<
bxxx :
bxxxxxxxxxxxxxxxxxxxxxxxxxxxxxxxx .
b00000000000000000000000xxxxxxxxx =
x5
bxxxxxxxxxxxxxxxxxxxxxxxxxxxxxxxx 4
x7
bxxxxxxxxxxxxxxxxxxxxxxxxxxxxxxxx 2
bxxxxxxxxxxxxxxxxxxxxxxxxxxxxxxxx -
b00000000000000000000000xxxxxxxxx >
bxxxxxxxxxxxxxxxxxxxxxxxxxxxxxxxx /
bxxxxxx X
xO
x;
bxxxxxxxxxxxxxxxxxxxxxxxxxxxxxxxx Q
bxxxxxxxxxxxxxxxxxxxxxxxxxxxxxxxx 3
xN
#3100000
0!
0)
b00000000000000000000000xxxxxxxxx ?
b00000000000000000000000xxxxxxxxx +
bxxxxxx C
b00000000000000000000000xxxxxxxxx 1
#3150000
1!
1)
bxxxxxx H
x[
bxxxxxx \
bxxxxxxxxxxxxxxxxxxxxxxxxxxxxxxxx ]
#3200000
0!
0)
#3250000
1!
1)
#3300000
0!
0)
#3350000
1!
1)
#3400000
0!
0)
#3450000
1!
1)
#3500000
0!
0)
#3550000
1!
1)
#3600000
0!
0)
#3650000
1!
1)
#3700000
0!
0)
#3750000
1!
1)
#3800000
b00000000000000000000000001100000 %
b00000000000000000000000001100000 &
b00000001 '
0!
0)
0"
0*
b00000000000000000000000000000000 2
b00000000000000000000000000000000 -
#3850000
1!
1)
b00000000000000000000000000000000 ]
#3900000
0!
0)
b00000000000000000000000000000000 ?
b00000000000000000000000000000000 +
b000000 C
b00000000000000000000000000000100 1
#3950000
1!
1)
b000000 H
#3953000
b00000000000000000000000110010011 E
b00000000000000000000000110010011 ,
b00000 J
b00000 K
b00011 L
b0010011 R
b0000000 S
b000 T
b00 U
b00 9
08
06
1W
b000 :
15
17
0<
b00000000000000000000000000000000 .
b00000000000000000000000000000000 =
b00000000000000000000000000000100 >
b00000000000000000000000000000000 3
b00000000000000000000000000000000 Q
b00000000000000000000000000000000 /
b000000 X
0O
1;
0N
b00000000000000000000000000000000 4
#4000000
b00000000000000000000000000000111 #
b00000000000000000000000000000010 $
0!
0)
1"
1*
#4050000
1!
1)
1[
b000000 \
#4051000
bxxxxxxxxxxxxxxxxxxxxxxxxxxxxxxxx E
bxxxxxxxxxxxxxxxxxxxxxxxxxxxxxxxx ,
bxxxxx J
bxxxxx K
bxxxxx L
bxxxxxxx R
bxxxxxxx S
bxxx T
bxx U
bxx 9
x8
x6
xW
bxxx :
bxxxxxxxxxxxxxxxxxxxxxxxxxxxxxxxx .
b00000000000000000000000xxxxxxxxx =
x5
bxxxxxxxxxxxxxxxxxxxxxxxxxxxxxxxx 4
x7
x<
bxxxxxxxxxxxxxxxxxxxxxxxxxxxxxxxx 2
bxxxxxxxxxxxxxxxxxxxxxxxxxxxxxxxx -
bxxxxxxxxxxxxxxxxxxxxxxxxxxxxxxxx 3
b00000000000000000000000xxxxxxxxx >
bxxxxxxxxxxxxxxxxxxxxxxxxxxxxxxxx /
bxxxxxx X
xO
x;
xN
bxxxxxxxxxxxxxxxxxxxxxxxxxxxxxxxx Q
#4053000
b00000000000000000000000110010011 E
b00000000000000000000000110010011 ,
b00000 J
b00000 K
b00011 L
b0010011 R
b0000000 S
b000 T
b00 U
b00 9
08
06
1W
b000 :
15
17
0<
b00000000000000000000000000000000 .
b00000000000000000000000000000000 =
b00000000000000000000000000000000 2
b00000000000000000000000000000000 -
b00000000000000000000000000000100 >
b00000000000000000000000000000000 3
b00000000000000000000000000000000 Q
b00000000000000000000000000000000 /
b000000 X
0O
1;
0N
b00000000000000000000000000000000 4
#4100000
0!
0)
b00000000000000000000000000000100 ?
b00000000000000000000000000000100 +
b000001 C
b00000000000000000000000000000100 =
b00000000000000000000000000001000 1
b00000000000000000000000000001000 >
#4150000
1!
1)
b000001 H
#4151000
bxxxxxxxxxxxxxxxxxxxxxxxxxxxxxxxx E
bxxxxxxxxxxxxxxxxxxxxxxxxxxxxxxxx ,
bxxxxx J
bxxxxx K
bxxxxx L
bxxxxxxx R
bxxxxxxx S
bxxx T
bxx U
bxx 9
x8
x6
xW
bxxx :
bxxxxxxxxxxxxxxxxxxxxxxxxxxxxxxxx .
b00000000000000000000000xxxxxxxxx =
x5
bxxxxxxxxxxxxxxxxxxxxxxxxxxxxxxxx 4
x7
x<
bxxxxxxxxxxxxxxxxxxxxxxxxxxxxxxxx 2
bxxxxxxxxxxxxxxxxxxxxxxxxxxxxxxxx -
bxxxxxxxxxxxxxxxxxxxxxxxxxxxxxxxx 3
b00000000000000000000000xxxxxxxxx >
bxxxxxxxxxxxxxxxxxxxxxxxxxxxxxxxx /
bxxxxxx X
xO
x;
xN
bxxxxxxxxxxxxxxxxxxxxxxxxxxxxxxxx Q
#4153000
b00000000000000000000001000010011 E
b00000000000000000000001000010011 ,
b00000 J
b00000 K
b00100 L
b0010011 R
b0000000 S
b000 T
b00 U
b00 9
08
06
1W
b000 :
15
17
0<
b00000000000000000000000000000000 .
b00000000000000000000000000000100 =
b00000000000000000000000000000000 2
b00000000000000000000000000000000 -
b00000000000000000000000000001000 >
b00000000000000000000000000000000 3
b00000000000000000000000000000000 Q
b00000000000000000000000000000000 /
b000000 X
0O
1;
0N
b00000000000000000000000000000000 4
#4200000
0!
0)
b00000000000000000000000000001000 ?
b00000000000000000000000000001000 +
b000010 C
b00000000000000000000000000001000 =
b00000000000000000000000000001100 1
b00000000000000000000000000001100 >
#4250000
1!
1)
b000010 H
#4251000
bxxxxxxxxxxxxxxxxxxxxxxxxxxxxxxxx E
bxxxxxxxxxxxxxxxxxxxxxxxxxxxxxxxx ,
bxxxxx J
bxxxxx K
bxxxxx L
bxxxxxxx R
bxxxxxxx S
bxxx T
bxx U
bxx 9
x8
x6
xW
bxxx :
bxxxxxxxxxxxxxxxxxxxxxxxxxxxxxxxx .
b00000000000000000000000xxxxxxxxx =
x5
bxxxxxxxxxxxxxxxxxxxxxxxxxxxxxxxx 4
x7
x<
bxxxxxxxxxxxxxxxxxxxxxxxxxxxxxxxx 2
bxxxxxxxxxxxxxxxxxxxxxxxxxxxxxxxx -
bxxxxxxxxxxxxxxxxxxxxxxxxxxxxxxxx 3
b00000000000000000000000xxxxxxxxx >
bxxxxxxxxxxxxxxxxxxxxxxxxxxxxxxxx /
bxxxxxx X
xO
x;
xN
bxxxxxxxxxxxxxxxxxxxxxxxxxxxxxxxx Q
#4253000
b00000000000000001000101001100011 E
b00000000000000001000101001100011 ,
b00001 J
b00000 K
b10100 L
b1100011 R
b0000000 S
b000 T
b01 U
b10 9
08
06
1W
b001 :
b00000000000000000000000000010100 .
b00000000000000000000000000011100 =
05
07
b00000000000000000000000000000000 2
b00000000000000000000000000000111 -
b000000000000000000000000000x1100 >
b00000000000000000000000000000000 3
0N
b00000000000000000000000000000111 Q
b00000000000000000000000000000111 /
b000111 X
0O
0;
0<
b00000000000000000000000000000111 4
b00000000000000000000000000001100 >
#4300000
0!
0)
b00000000000000000000000000001100 ?
b00000000000000000000000000001100 +
b000011 C
b00000000000000000000000000100000 =
b00000000000000000000000000010000 1
b00000000000000000000000000010000 >
#4350000
1!
1)
b000011 H
b000111 \
#4351000
bxxxxxxxxxxxxxxxxxxxxxxxxxxxxxxxx E
bxxxxxxxxxxxxxxxxxxxxxxxxxxxxxxxx ,
bxxxxx J
bxxxxx K
bxxxxx L
bxxxxxxx R
bxxxxxxx S
bxxx T
bxx U
bxx 9
x8
x6
xW
x<
bxxx :
bxxxxxxxxxxxxxxxxxxxxxxxxxxxxxxxx .
b00000000000000000000000xxxxxxxxx =
x5
bxxxxxxxxxxxxxxxxxxxxxxxxxxxxxxxx 4
x7
bxxxxxxxxxxxxxxxxxxxxxxxxxxxxxxxx 2
bxxxxxxxxxxxxxxxxxxxxxxxxxxxxxxxx -
b00000000000000000000000xxxxxxxxx >
bxxxxxxxxxxxxxxxxxxxxxxxxxxxxxxxx /
bxxxxxx X
xO
x;
bxxxxxxxxxxxxxxxxxxxxxxxxxxxxxxxx 3
xN
bxxxxxxxxxxxxxxxxxxxxxxxxxxxxxxxx Q
#4353000
b00000000000000010000100001100011 E
b00000000000000010000100001100011 ,
b00010 J
b00000 K
b10000 L
b1100011 R
b0000000 S
b000 T
b01 U
b10 9
08
06
1W
b001 :
b00000000000000000000000000010000 .
b00000000000000000000000000011100 =
05
07
b00000000000000000000000000000000 2
b00000000000000000000000000000010 -
b0000000000000000000000000001xx00 >
b00000000000000000000000000000000 3
0N
b00000000000000000000000000000010 Q
b00000000000000000000000000000010 /
b000010 X
0O
0;
0<
b00000000000000000000000000000010 4
b00000000000000000000000000010000 >
#4400000
0!
0)
b00000000000000000000000000010000 ?
b00000000000000000000000000010000 +
b000100 C
b00000000000000000000000000100000 =
b00000000000000000000000000010100 1
b00000000000000000000000000010100 >
#4450000
1!
1)
b000100 H
b000010 \
#4451000
bxxxxxxxxxxxxxxxxxxxxxxxxxxxxxxxx E
bxxxxxxxxxxxxxxxxxxxxxxxxxxxxxxxx ,
bxxxxx J
bxxxxx K
bxxxxx L
bxxxxxxx R
bxxxxxxx S
bxxx T
bxx U
bxx 9
x8
x6
xW
x<
bxxx :
bxxxxxxxxxxxxxxxxxxxxxxxxxxxxxxxx .
b00000000000000000000000xxxxxxxxx =
x5
bxxxxxxxxxxxxxxxxxxxxxxxxxxxxxxxx 4
x7
bxxxxxxxxxxxxxxxxxxxxxxxxxxxxxxxx 2
bxxxxxxxxxxxxxxxxxxxxxxxxxxxxxxxx -
b00000000000000000000000xxxxxxxxx >
bxxxxxxxxxxxxxxxxxxxxxxxxxxxxxxxx /
bxxxxxx X
xO
x;
bxxxxxxxxxxxxxxxxxxxxxxxxxxxxxxxx 3
xN
bxxxxxxxxxxxxxxxxxxxxxxxxxxxxxxxx Q
#4453000
b00000000001000011000000110110011 E
b00000000001000011000000110110011 ,
b00011 J
b00010 K
b00011 L
b0110011 R
b0000000 S
b000 T
b10 U
b00 9
08
06
1W
b000 :
15
07
0<
b00000000000000000000000000000010 .
b00000000000000000000000000010010 =
b00000000000000000000000000000010 2
b00000000000000000000000000000000 -
b00000000000000000000000000010100 >
b00000000000000000000000000000010 3
b00000000000000000000000000000010 Q
b00000000000000000000000000000010 /
b000010 X
0O
0;
0N
b00000000000000000000000000000010 4
#4500000
0!
0)
b00000000000000000000000000010100 ?
b00000000000000000000000000010100 +
b000101 C
b00000000000000000000000000010110 =
b00000000000000000000000000011000 1
b00000000000000000000000000011000 >
b00000000000000000000000000000010 -
b00000000000000000000000000000100 Q
b00000000000000000000000000000100 /
b000100 X
b00000000000000000000000000000100 4
#4550000
1!
1)
b000101 H
b000100 \
b00000000000000000000000000000010 ]
#4551000
bxxxxxxxxxxxxxxxxxxxxxxxxxxxxxxxx E
bxxxxxxxxxxxxxxxxxxxxxxxxxxxxxxxx ,
bxxxxx J
bxxxxx K
bxxxxx L
bxxxxxxx R
bxxxxxxx S
bxxx T
bxx U
bxx 9
x8
x6
xW
bxxx :
bxxxxxxxxxxxxxxxxxxxxxxxxxxxxxxxx .
b00000000000000000000000xxxxxxxxx =
x5
bxxxxxxxxxxxxxxxxxxxxxxxxxxxxxxxx 4
x7
x<
bxxxxxxxxxxxxxxxxxxxxxxxxxxxxxxxx 2
bxxxxxxxxxxxxxxxxxxxxxxxxxxxxxxxx -
bxxxxxxxxxxxxxxxxxxxxxxxxxxxxxxxx /
bxxxxxx X
xO
x;
bxxxxxxxxxxxxxxxxxxxxxxxxxxxxxxxx Q
bxxxxxxxxxxxxxxxxxxxxxxxxxxxxxxxx 3
b00000000000000000000000xxxxxxxxx >
xN
#4553000
b00000000000100100000001000010011 E
b00000000000100100000001000010011 ,
b00100 J
b00001 K
b00100 L
b0010011 R
b0000000 S
b000 T
b00 U
b00 9
08
06
1W
b000 :
15
17
0<
b00000000000000000000000000000001 .
b00000000000000000000000000010101 =
b00000000000000000000000000000111 2
b00000000000000000000000000000000 -
b00000000000000000000000000011000 >
b00000000000000000000000000000001 3
b00000000000000000000000000000001 Q
b00000000000000000000000000000001 /
b000001 X
0O
0;
0N
b00000000000000000000000000000001 4
#4600000
0!
0)
b00000000000000000000000000011000 ?
b00000000000000000000000000011000 +
b000110 C
b00000000000000000000000000011001 =
b00000000000000000000000000011100 1
b00000000000000000000000000011100 >
b00000000000000000000000000000001 -
b00000000000000000000000000000010 Q
b00000000000000000000000000000010 /
b000010 X
b00000000000000000000000000000010 4
#4650000
1!
1)
b000110 H
b000010 \
b00000000000000000000000000000111 ]
#4651000
bxxxxxxxxxxxxxxxxxxxxxxxxxxxxxxxx E
bxxxxxxxxxxxxxxxxxxxxxxxxxxxxxxxx ,
bxxxxx J
bxxxxx K
bxxxxx L
bxxxxxxx R
bxxxxxxx S
bxxx T
bxx U
bxx 9
x8
x6
xW
bxxx :
bxxxxxxxxxxxxxxxxxxxxxxxxxxxxxxxx .
b00000000000000000000000xxxxxxxxx =
x5
bxxxxxxxxxxxxxxxxxxxxxxxxxxxxxxxx 4
x7
x<
bxxxxxxxxxxxxxxxxxxxxxxxxxxxxxxxx 2
bxxxxxxxxxxxxxxxxxxxxxxxxxxxxxxxx -
bxxxxxxxxxxxxxxxxxxxxxxxxxxxxxxxx /
bxxxxxx X
xO
x;
bxxxxxxxxxxxxxxxxxxxxxxxxxxxxxxxx Q
bxxxxxxxxxxxxxxxxxxxxxxxxxxxxxxxx 3
b00000000000000000000000xxxxxxxxx >
xN
#4653000
b11111110000100100001110011100011 E
b11111110000100100001110011100011 ,
b00100 J
b00001 K
b11001 L
b1100011 R
b1111111 S
b001 T
b01 U
b10 9
08
06
1W
b001 :
b00000000000000000001011111111000 .
b00000000000000000000000000010000 =
05
07
b00000000000000000000000000000111 2
b00000000000000000000000000000001 -
b0000000000000000000000000001xx00 >
b00000000000000000000000000000111 3
0N
b11111111111111111111111111111010 Q
b11111111111111111111111111111010 /
b111010 X
1O
0;
1<
b11111111111111111111111111111010 4
b00000000000000000000000000010000 >
#4700000
0!
0)
b00000000000000000000000000010000 ?
b00000000000000000000000000010000 +
b000100 C
b00000000000000000000000000001000 =
b00000000000000000000000000010100 1
b00000000000000000000000000001000 >
#4750000
1!
1)
b000100 H
b111010 \
#4751000
bxxxxxxxxxxxxxxxxxxxxxxxxxxxxxxxx E
bxxxxxxxxxxxxxxxxxxxxxxxxxxxxxxxx ,
bxxxxx J
bxxxxx K
bxxxxx L
bxxxxxxx R
bxxxxxxx S
bxxx T
bxx U
bxx 9
x8
x6
xW
x<
bxxx :
bxxxxxxxxxxxxxxxxxxxxxxxxxxxxxxxx .
b00000000000000000000000xxxxxxxxx =
x5
bxxxxxxxxxxxxxxxxxxxxxxxxxxxxxxxx 4
x7
bxxxxxxxxxxxxxxxxxxxxxxxxxxxxxxxx 2
bxxxxxxxxxxxxxxxxxxxxxxxxxxxxxxxx -
b00000000000000000000000xxxxxxxxx >
bxxxxxxxxxxxxxxxxxxxxxxxxxxxxxxxx /
bxxxxxx X
xO
x;
xN
bxxxxxxxxxxxxxxxxxxxxxxxxxxxxxxxx Q
bxxxxxxxxxxxxxxxxxxxxxxxxxxxxxxxx 3
#4753000
b00000000001000011000000110110011 E
b00000000001000011000000110110011 ,
b00011 J
b00010 K
b00011 L
b0110011 R
b0000000 S
b000 T
b10 U
b00 9
08
06
1W
b000 :
15
07
0<
b00000000000000000000000000000010 .
b00000000000000000000000000010010 =
b00000000000000000000000000000010 2
b00000000000000000000000000000010 -
b00000000000000000000000000010100 >
b00000000000000000000000000000010 3
b00000000000000000000000000000100 Q
b00000000000000000000000000000100 /
b000100 X
0O
0;
0N
b00000000000000000000000000000100 4
#4800000
0!
0)
b00000000000000000000000000010100 ?
b00000000000000000000000000010100 +
b000101 C
b00000000000000000000000000010110 =
b00000000000000000000000000011000 1
b00000000000000000000000000011000 >
b00000000000000000000000000000100 -
b00000000000000000000000000000110 Q
b00000000000000000000000000000110 /
b000110 X
b00000000000000000000000000000110 4
#4850000
1!
1)
b000101 H
b000110 \
b00000000000000000000000000000010 ]
#4851000
bxxxxxxxxxxxxxxxxxxxxxxxxxxxxxxxx E
bxxxxxxxxxxxxxxxxxxxxxxxxxxxxxxxx ,
bxxxxx J
bxxxxx K
bxxxxx L
bxxxxxxx R
bxxxxxxx S
bxxx T
bxx U
bxx 9
x8
x6
xW
bxxx :
bxxxxxxxxxxxxxxxxxxxxxxxxxxxxxxxx .
b00000000000000000000000xxxxxxxxx =
x5
bxxxxxxxxxxxxxxxxxxxxxxxxxxxxxxxx 4
x7
x<
bxxxxxxxxxxxxxxxxxxxxxxxxxxxxxxxx 2
bxxxxxxxxxxxxxxxxxxxxxxxxxxxxxxxx -
bxxxxxxxxxxxxxxxxxxxxxxxxxxxxxxxx /
bxxxxxx X
xO
x;
bxxxxxxxxxxxxxxxxxxxxxxxxxxxxxxxx Q
bxxxxxxxxxxxxxxxxxxxxxxxxxxxxxxxx 3
b00000000000000000000000xxxxxxxxx >
xN
#4853000
b00000000000100100000001000010011 E
b00000000000100100000001000010011 ,
b00100 J
b00001 K
b00100 L
b0010011 R
b0000000 S
b000 T
b00 U
b00 9
08
06
1W
b000 :
15
17
0<
b00000000000000000000000000000001 .
b00000000000000000000000000010101 =
b00000000000000000000000000000111 2
b00000000000000000000000000000001 -
b00000000000000000000000000011000 >
b00000000000000000000000000000001 3
b00000000000000000000000000000010 Q
b00000000000000000000000000000010 /
b000010 X
0O
0;
0N
b00000000000000000000000000000010 4
#4900000
0!
0)
b00000000000000000000000000011000 ?
b00000000000000000000000000011000 +
b000110 C
b00000000000000000000000000011001 =
b00000000000000000000000000011100 1
b00000000000000000000000000011100 >
b00000000000000000000000000000010 -
b00000000000000000000000000000011 Q
b00000000000000000000000000000011 /
b000011 X
b00000000000000000000000000000011 4
#4950000
1!
1)
b000110 H
b000011 \
b00000000000000000000000000000111 ]
#4951000
bxxxxxxxxxxxxxxxxxxxxxxxxxxxxxxxx E
bxxxxxxxxxxxxxxxxxxxxxxxxxxxxxxxx ,
bxxxxx J
bxxxxx K
bxxxxx L
bxxxxxxx R
bxxxxxxx S
bxxx T
bxx U
bxx 9
x8
x6
xW
bxxx :
bxxxxxxxxxxxxxxxxxxxxxxxxxxxxxxxx .
b00000000000000000000000xxxxxxxxx =
x5
bxxxxxxxxxxxxxxxxxxxxxxxxxxxxxxxx 4
x7
x<
bxxxxxxxxxxxxxxxxxxxxxxxxxxxxxxxx 2
bxxxxxxxxxxxxxxxxxxxxxxxxxxxxxxxx -
bxxxxxxxxxxxxxxxxxxxxxxxxxxxxxxxx /
bxxxxxx X
xO
x;
bxxxxxxxxxxxxxxxxxxxxxxxxxxxxxxxx Q
bxxxxxxxxxxxxxxxxxxxxxxxxxxxxxxxx 3
b00000000000000000000000xxxxxxxxx >
xN
#4953000
b11111110000100100001110011100011 E
b11111110000100100001110011100011 ,
b00100 J
b00001 K
b11001 L
b1100011 R
b1111111 S
b001 T
b01 U
b10 9
08
06
1W
b001 :
b00000000000000000001011111111000 .
b00000000000000000000000000010000 =
05
07
b00000000000000000000000000000111 2
b00000000000000000000000000000010 -
b0000000000000000000000000001xx00 >
b00000000000000000000000000000111 3
0N
b11111111111111111111111111111011 Q
b11111111111111111111111111111011 /
b111011 X
1O
0;
1<
b11111111111111111111111111111011 4
b00000000000000000000000000010000 >
#5000000
0!
0)
b00000000000000000000000000010000 ?
b00000000000000000000000000010000 +
b000100 C
b00000000000000000000000000001000 =
b00000000000000000000000000010100 1
b00000000000000000000000000001000 >
#5050000
1!
1)
b000100 H
b111011 \
#5051000
bxxxxxxxxxxxxxxxxxxxxxxxxxxxxxxxx E
bxxxxxxxxxxxxxxxxxxxxxxxxxxxxxxxx ,
bxxxxx J
bxxxxx K
bxxxxx L
bxxxxxxx R
bxxxxxxx S
bxxx T
bxx U
bxx 9
x8
x6
xW
x<
bxxx :
bxxxxxxxxxxxxxxxxxxxxxxxxxxxxxxxx .
b00000000000000000000000xxxxxxxxx =
x5
bxxxxxxxxxxxxxxxxxxxxxxxxxxxxxxxx 4
x7
bxxxxxxxxxxxxxxxxxxxxxxxxxxxxxxxx 2
bxxxxxxxxxxxxxxxxxxxxxxxxxxxxxxxx -
b00000000000000000000000xxxxxxxxx >
bxxxxxxxxxxxxxxxxxxxxxxxxxxxxxxxx /
bxxxxxx X
xO
x;
xN
bxxxxxxxxxxxxxxxxxxxxxxxxxxxxxxxx Q
bxxxxxxxxxxxxxxxxxxxxxxxxxxxxxxxx 3
#5053000
b00000000001000011000000110110011 E
b00000000001000011000000110110011 ,
b00011 J
b00010 K
b00011 L
b0110011 R
b0000000 S
b000 T
b10 U
b00 9
08
06
1W
b000 :
15
07
0<
b00000000000000000000000000000010 .
b00000000000000000000000000010010 =
b00000000000000000000000000000010 2
b00000000000000000000000000000100 -
b00000000000000000000000000010100 >
b00000000000000000000000000000010 3
b00000000000000000000000000000110 Q
b00000000000000000000000000000110 /
b000110 X
0O
0;
0N
b00000000000000000000000000000110 4
#5100000
0!
0)
b00000000000000000000000000010100 ?
b00000000000000000000000000010100 +
b000101 C
b00000000000000000000000000010110 =
b00000000000000000000000000011000 1
b00000000000000000000000000011000 >
b00000000000000000000000000000110 -
b00000000000000000000000000001000 Q
b00000000000000000000000000001000 /
b001000 X
b00000000000000000000000000001000 4
#5150000
1!
1)
b000101 H
b001000 \
b00000000000000000000000000000010 ]
#5151000
bxxxxxxxxxxxxxxxxxxxxxxxxxxxxxxxx E
bxxxxxxxxxxxxxxxxxxxxxxxxxxxxxxxx ,
bxxxxx J
bxxxxx K
bxxxxx L
bxxxxxxx R
bxxxxxxx S
bxxx T
bxx U
bxx 9
x8
x6
xW
bxxx :
bxxxxxxxxxxxxxxxxxxxxxxxxxxxxxxxx .
b00000000000000000000000xxxxxxxxx =
x5
bxxxxxxxxxxxxxxxxxxxxxxxxxxxxxxxx 4
x7
x<
bxxxxxxxxxxxxxxxxxxxxxxxxxxxxxxxx 2
bxxxxxxxxxxxxxxxxxxxxxxxxxxxxxxxx -
bxxxxxxxxxxxxxxxxxxxxxxxxxxxxxxxx /
bxxxxxx X
xO
x;
bxxxxxxxxxxxxxxxxxxxxxxxxxxxxxxxx Q
bxxxxxxxxxxxxxxxxxxxxxxxxxxxxxxxx 3
b00000000000000000000000xxxxxxxxx >
xN
#5153000
b00000000000100100000001000010011 E
b00000000000100100000001000010011 ,
b00100 J
b00001 K
b00100 L
b0010011 R
b0000000 S
b000 T
b00 U
b00 9
08
06
1W
b000 :
15
17
0<
b00000000000000000000000000000001 .
b00000000000000000000000000010101 =
b00000000000000000000000000000111 2
b00000000000000000000000000000010 -
b00000000000000000000000000011000 >
b00000000000000000000000000000001 3
b00000000000000000000000000000011 Q
b00000000000000000000000000000011 /
b000011 X
0O
0;
0N
b00000000000000000000000000000011 4
#5200000
0!
0)
b00000000000000000000000000011000 ?
b00000000000000000000000000011000 +
b000110 C
b00000000000000000000000000011001 =
b00000000000000000000000000011100 1
b00000000000000000000000000011100 >
b00000000000000000000000000000011 -
b00000000000000000000000000000100 Q
b00000000000000000000000000000100 /
b000100 X
b00000000000000000000000000000100 4
#5250000
1!
1)
b000110 H
b000100 \
b00000000000000000000000000000111 ]
#5251000
bxxxxxxxxxxxxxxxxxxxxxxxxxxxxxxxx E
bxxxxxxxxxxxxxxxxxxxxxxxxxxxxxxxx ,
bxxxxx J
bxxxxx K
bxxxxx L
bxxxxxxx R
bxxxxxxx S
bxxx T
bxx U
bxx 9
x8
x6
xW
bxxx :
bxxxxxxxxxxxxxxxxxxxxxxxxxxxxxxxx .
b00000000000000000000000xxxxxxxxx =
x5
bxxxxxxxxxxxxxxxxxxxxxxxxxxxxxxxx 4
x7
x<
bxxxxxxxxxxxxxxxxxxxxxxxxxxxxxxxx 2
bxxxxxxxxxxxxxxxxxxxxxxxxxxxxxxxx -
bxxxxxxxxxxxxxxxxxxxxxxxxxxxxxxxx /
bxxxxxx X
xO
x;
bxxxxxxxxxxxxxxxxxxxxxxxxxxxxxxxx Q
bxxxxxxxxxxxxxxxxxxxxxxxxxxxxxxxx 3
b00000000000000000000000xxxxxxxxx >
xN
#5253000
b11111110000100100001110011100011 E
b11111110000100100001110011100011 ,
b00100 J
b00001 K
b11001 L
b1100011 R
b1111111 S
b001 T
b01 U
b10 9
08
06
1W
b001 :
b00000000000000000001011111111000 .
b00000000000000000000000000010000 =
05
07
b00000000000000000000000000000111 2
b00000000000000000000000000000011 -
b0000000000000000000000000001xx00 >
b00000000000000000000000000000111 3
0N
b11111111111111111111111111111100 Q
b11111111111111111111111111111100 /
b111100 X
1O
0;
1<
b11111111111111111111111111111100 4
b00000000000000000000000000010000 >
#5300000
0!
0)
b00000000000000000000000000010000 ?
b00000000000000000000000000010000 +
b000100 C
b00000000000000000000000000001000 =
b00000000000000000000000000010100 1
b00000000000000000000000000001000 >
#5350000
1!
1)
b000100 H
b111100 \
#5351000
bxxxxxxxxxxxxxxxxxxxxxxxxxxxxxxxx E
bxxxxxxxxxxxxxxxxxxxxxxxxxxxxxxxx ,
bxxxxx J
bxxxxx K
bxxxxx L
bxxxxxxx R
bxxxxxxx S
bxxx T
bxx U
bxx 9
x8
x6
xW
x<
bxxx :
bxxxxxxxxxxxxxxxxxxxxxxxxxxxxxxxx .
b00000000000000000000000xxxxxxxxx =
x5
bxxxxxxxxxxxxxxxxxxxxxxxxxxxxxxxx 4
x7
bxxxxxxxxxxxxxxxxxxxxxxxxxxxxxxxx 2
bxxxxxxxxxxxxxxxxxxxxxxxxxxxxxxxx -
b00000000000000000000000xxxxxxxxx >
bxxxxxxxxxxxxxxxxxxxxxxxxxxxxxxxx /
bxxxxxx X
xO
x;
xN
bxxxxxxxxxxxxxxxxxxxxxxxxxxxxxxxx Q
bxxxxxxxxxxxxxxxxxxxxxxxxxxxxxxxx 3
#5353000
b00000000001000011000000110110011 E
b00000000001000011000000110110011 ,
b00011 J
b00010 K
b00011 L
b0110011 R
b0000000 S
b000 T
b10 U
b00 9
08
06
1W
b000 :
15
07
0<
b00000000000000000000000000000010 .
b00000000000000000000000000010010 =
b00000000000000000000000000000010 2
b00000000000000000000000000000110 -
b00000000000000000000000000010100 >
b00000000000000000000000000000010 3
b00000000000000000000000000001000 Q
b00000000000000000000000000001000 /
b001000 X
0O
0;
0N
b00000000000000000000000000001000 4
#5400000
0!
0)
b00000000000000000000000000010100 ?
b00000000000000000000000000010100 +
b000101 C
b00000000000000000000000000010110 =
b00000000000000000000000000011000 1
b00000000000000000000000000011000 >
b00000000000000000000000000001000 -
b00000000000000000000000000001010 Q
b00000000000000000000000000001010 /
b001010 X
b00000000000000000000000000001010 4
#5450000
1!
1)
b000101 H
b001010 \
b00000000000000000000000000000010 ]
#5451000
bxxxxxxxxxxxxxxxxxxxxxxxxxxxxxxxx E
bxxxxxxxxxxxxxxxxxxxxxxxxxxxxxxxx ,
bxxxxx J
bxxxxx K
bxxxxx L
bxxxxxxx R
bxxxxxxx S
bxxx T
bxx U
bxx 9
x8
x6
xW
bxxx :
bxxxxxxxxxxxxxxxxxxxxxxxxxxxxxxxx .
b00000000000000000000000xxxxxxxxx =
x5
bxxxxxxxxxxxxxxxxxxxxxxxxxxxxxxxx 4
x7
x<
bxxxxxxxxxxxxxxxxxxxxxxxxxxxxxxxx 2
bxxxxxxxxxxxxxxxxxxxxxxxxxxxxxxxx -
bxxxxxxxxxxxxxxxxxxxxxxxxxxxxxxxx /
bxxxxxx X
xO
x;
bxxxxxxxxxxxxxxxxxxxxxxxxxxxxxxxx Q
bxxxxxxxxxxxxxxxxxxxxxxxxxxxxxxxx 3
b00000000000000000000000xxxxxxxxx >
xN
#5453000
b00000000000100100000001000010011 E
b00000000000100100000001000010011 ,
b00100 J
b00001 K
b00100 L
b0010011 R
b0000000 S
b000 T
b00 U
b00 9
08
06
1W
b000 :
15
17
0<
b00000000000000000000000000000001 .
b00000000000000000000000000010101 =
b00000000000000000000000000000111 2
b00000000000000000000000000000011 -
b00000000000000000000000000011000 >
b00000000000000000000000000000001 3
b00000000000000000000000000000100 Q
b00000000000000000000000000000100 /
b000100 X
0O
0;
0N
b00000000000000000000000000000100 4
#5500000
0!
0)
b00000000000000000000000000011000 ?
b00000000000000000000000000011000 +
b000110 C
b00000000000000000000000000011001 =
b00000000000000000000000000011100 1
b00000000000000000000000000011100 >
b00000000000000000000000000000100 -
b00000000000000000000000000000101 Q
b00000000000000000000000000000101 /
b000101 X
b00000000000000000000000000000101 4
#5550000
1!
1)
b000110 H
b000101 \
b00000000000000000000000000000111 ]
#5551000
bxxxxxxxxxxxxxxxxxxxxxxxxxxxxxxxx E
bxxxxxxxxxxxxxxxxxxxxxxxxxxxxxxxx ,
bxxxxx J
bxxxxx K
bxxxxx L
bxxxxxxx R
bxxxxxxx S
bxxx T
bxx U
bxx 9
x8
x6
xW
bxxx :
bxxxxxxxxxxxxxxxxxxxxxxxxxxxxxxxx .
b00000000000000000000000xxxxxxxxx =
x5
bxxxxxxxxxxxxxxxxxxxxxxxxxxxxxxxx 4
x7
x<
bxxxxxxxxxxxxxxxxxxxxxxxxxxxxxxxx 2
bxxxxxxxxxxxxxxxxxxxxxxxxxxxxxxxx -
bxxxxxxxxxxxxxxxxxxxxxxxxxxxxxxxx /
bxxxxxx X
xO
x;
bxxxxxxxxxxxxxxxxxxxxxxxxxxxxxxxx Q
bxxxxxxxxxxxxxxxxxxxxxxxxxxxxxxxx 3
b00000000000000000000000xxxxxxxxx >
xN
#5553000
b11111110000100100001110011100011 E
b11111110000100100001110011100011 ,
b00100 J
b00001 K
b11001 L
b1100011 R
b1111111 S
b001 T
b01 U
b10 9
08
06
1W
b001 :
b00000000000000000001011111111000 .
b00000000000000000000000000010000 =
05
07
b00000000000000000000000000000111 2
b00000000000000000000000000000100 -
b0000000000000000000000000001xx00 >
b00000000000000000000000000000111 3
0N
b11111111111111111111111111111101 Q
b11111111111111111111111111111101 /
b111101 X
1O
0;
1<
b11111111111111111111111111111101 4
b00000000000000000000000000010000 >
#5600000
0!
0)
b00000000000000000000000000010000 ?
b00000000000000000000000000010000 +
b000100 C
b00000000000000000000000000001000 =
b00000000000000000000000000010100 1
b00000000000000000000000000001000 >
#5650000
1!
1)
b000100 H
b111101 \
#5651000
bxxxxxxxxxxxxxxxxxxxxxxxxxxxxxxxx E
bxxxxxxxxxxxxxxxxxxxxxxxxxxxxxxxx ,
bxxxxx J
bxxxxx K
bxxxxx L
bxxxxxxx R
bxxxxxxx S
bxxx T
bxx U
bxx 9
x8
x6
xW
x<
bxxx :
bxxxxxxxxxxxxxxxxxxxxxxxxxxxxxxxx .
b00000000000000000000000xxxxxxxxx =
x5
bxxxxxxxxxxxxxxxxxxxxxxxxxxxxxxxx 4
x7
bxxxxxxxxxxxxxxxxxxxxxxxxxxxxxxxx 2
bxxxxxxxxxxxxxxxxxxxxxxxxxxxxxxxx -
b00000000000000000000000xxxxxxxxx >
bxxxxxxxxxxxxxxxxxxxxxxxxxxxxxxxx /
bxxxxxx X
xO
x;
xN
bxxxxxxxxxxxxxxxxxxxxxxxxxxxxxxxx Q
bxxxxxxxxxxxxxxxxxxxxxxxxxxxxxxxx 3
#5653000
b00000000001000011000000110110011 E
b00000000001000011000000110110011 ,
b00011 J
b00010 K
b00011 L
b0110011 R
b0000000 S
b000 T
b10 U
b00 9
08
06
1W
b000 :
15
07
0<
b00000000000000000000000000000010 .
b00000000000000000000000000010010 =
b00000000000000000000000000000010 2
b00000000000000000000000000001000 -
b00000000000000000000000000010100 >
b00000000000000000000000000000010 3
b00000000000000000000000000001010 Q
b00000000000000000000000000001010 /
b001010 X
0O
0;
0N
b00000000000000000000000000001010 4
#5700000
0!
0)
b00000000000000000000000000010100 ?
b00000000000000000000000000010100 +
b000101 C
b00000000000000000000000000010110 =
b00000000000000000000000000011000 1
b00000000000000000000000000011000 >
b00000000000000000000000000001010 -
b00000000000000000000000000001100 Q
b00000000000000000000000000001100 /
b001100 X
b00000000000000000000000000001100 4
#5750000
1!
1)
b000101 H
b001100 \
b00000000000000000000000000000010 ]
#5751000
bxxxxxxxxxxxxxxxxxxxxxxxxxxxxxxxx E
bxxxxxxxxxxxxxxxxxxxxxxxxxxxxxxxx ,
bxxxxx J
bxxxxx K
bxxxxx L
bxxxxxxx R
bxxxxxxx S
bxxx T
bxx U
bxx 9
x8
x6
xW
bxxx :
bxxxxxxxxxxxxxxxxxxxxxxxxxxxxxxxx .
b00000000000000000000000xxxxxxxxx =
x5
bxxxxxxxxxxxxxxxxxxxxxxxxxxxxxxxx 4
x7
x<
bxxxxxxxxxxxxxxxxxxxxxxxxxxxxxxxx 2
bxxxxxxxxxxxxxxxxxxxxxxxxxxxxxxxx -
bxxxxxxxxxxxxxxxxxxxxxxxxxxxxxxxx /
bxxxxxx X
xO
x;
bxxxxxxxxxxxxxxxxxxxxxxxxxxxxxxxx Q
bxxxxxxxxxxxxxxxxxxxxxxxxxxxxxxxx 3
b00000000000000000000000xxxxxxxxx >
xN
#5753000
b00000000000100100000001000010011 E
b00000000000100100000001000010011 ,
b00100 J
b00001 K
b00100 L
b0010011 R
b0000000 S
b000 T
b00 U
b00 9
08
06
1W
b000 :
15
17
0<
b00000000000000000000000000000001 .
b00000000000000000000000000010101 =
b00000000000000000000000000000111 2
b00000000000000000000000000000100 -
b00000000000000000000000000011000 >
b00000000000000000000000000000001 3
b00000000000000000000000000000101 Q
b00000000000000000000000000000101 /
b000101 X
0O
0;
0N
b00000000000000000000000000000101 4
#5800000
0!
0)
b00000000000000000000000000011000 ?
b00000000000000000000000000011000 +
b000110 C
b00000000000000000000000000011001 =
b00000000000000000000000000011100 1
b00000000000000000000000000011100 >
b00000000000000000000000000000101 -
b00000000000000000000000000000110 Q
b00000000000000000000000000000110 /
b000110 X
b00000000000000000000000000000110 4
#5850000
1!
1)
b000110 H
b000110 \
b00000000000000000000000000000111 ]
#5851000
bxxxxxxxxxxxxxxxxxxxxxxxxxxxxxxxx E
bxxxxxxxxxxxxxxxxxxxxxxxxxxxxxxxx ,
bxxxxx J
bxxxxx K
bxxxxx L
bxxxxxxx R
bxxxxxxx S
bxxx T
bxx U
bxx 9
x8
x6
xW
bxxx :
bxxxxxxxxxxxxxxxxxxxxxxxxxxxxxxxx .
b00000000000000000000000xxxxxxxxx =
x5
bxxxxxxxxxxxxxxxxxxxxxxxxxxxxxxxx 4
x7
x<
bxxxxxxxxxxxxxxxxxxxxxxxxxxxxxxxx 2
bxxxxxxxxxxxxxxxxxxxxxxxxxxxxxxxx -
bxxxxxxxxxxxxxxxxxxxxxxxxxxxxxxxx /
bxxxxxx X
xO
x;
bxxxxxxxxxxxxxxxxxxxxxxxxxxxxxxxx Q
bxxxxxxxxxxxxxxxxxxxxxxxxxxxxxxxx 3
b00000000000000000000000xxxxxxxxx >
xN
#5853000
b11111110000100100001110011100011 E
b11111110000100100001110011100011 ,
b00100 J
b00001 K
b11001 L
b1100011 R
b1111111 S
b001 T
b01 U
b10 9
08
06
1W
b001 :
b00000000000000000001011111111000 .
b00000000000000000000000000010000 =
05
07
b00000000000000000000000000000111 2
b00000000000000000000000000000101 -
b0000000000000000000000000001xx00 >
b00000000000000000000000000000111 3
0N
b11111111111111111111111111111110 Q
b11111111111111111111111111111110 /
b111110 X
1O
0;
1<
b11111111111111111111111111111110 4
b00000000000000000000000000010000 >
#5900000
0!
0)
b00000000000000000000000000010000 ?
b00000000000000000000000000010000 +
b000100 C
b00000000000000000000000000001000 =
b00000000000000000000000000010100 1
b00000000000000000000000000001000 >
#5950000
1!
1)
b000100 H
b111110 \
#5951000
bxxxxxxxxxxxxxxxxxxxxxxxxxxxxxxxx E
bxxxxxxxxxxxxxxxxxxxxxxxxxxxxxxxx ,
bxxxxx J
bxxxxx K
bxxxxx L
bxxxxxxx R
bxxxxxxx S
bxxx T
bxx U
bxx 9
x8
x6
xW
x<
bxxx :
bxxxxxxxxxxxxxxxxxxxxxxxxxxxxxxxx .
b00000000000000000000000xxxxxxxxx =
x5
bxxxxxxxxxxxxxxxxxxxxxxxxxxxxxxxx 4
x7
bxxxxxxxxxxxxxxxxxxxxxxxxxxxxxxxx 2
bxxxxxxxxxxxxxxxxxxxxxxxxxxxxxxxx -
b00000000000000000000000xxxxxxxxx >
bxxxxxxxxxxxxxxxxxxxxxxxxxxxxxxxx /
bxxxxxx X
xO
x;
xN
bxxxxxxxxxxxxxxxxxxxxxxxxxxxxxxxx Q
bxxxxxxxxxxxxxxxxxxxxxxxxxxxxxxxx 3
#5953000
b00000000001000011000000110110011 E
b00000000001000011000000110110011 ,
b00011 J
b00010 K
b00011 L
b0110011 R
b0000000 S
b000 T
b10 U
b00 9
08
06
1W
b000 :
15
07
0<
b00000000000000000000000000000010 .
b00000000000000000000000000010010 =
b00000000000000000000000000000010 2
b00000000000000000000000000001010 -
b00000000000000000000000000010100 >
b00000000000000000000000000000010 3
b00000000000000000000000000001100 Q
b00000000000000000000000000001100 /
b001100 X
0O
0;
0N
b00000000000000000000000000001100 4
#6000000
0!
0)
b00000000000000000000000000010100 ?
b00000000000000000000000000010100 +
b000101 C
b00000000000000000000000000010110 =
b00000000000000000000000000011000 1
b00000000000000000000000000011000 >
b00000000000000000000000000001100 -
b00000000000000000000000000001110 Q
b00000000000000000000000000001110 /
b001110 X
b00000000000000000000000000001110 4
#6050000
1!
1)
b000101 H
b001110 \
b00000000000000000000000000000010 ]
#6051000
bxxxxxxxxxxxxxxxxxxxxxxxxxxxxxxxx E
bxxxxxxxxxxxxxxxxxxxxxxxxxxxxxxxx ,
bxxxxx J
bxxxxx K
bxxxxx L
bxxxxxxx R
bxxxxxxx S
bxxx T
bxx U
bxx 9
x8
x6
xW
bxxx :
bxxxxxxxxxxxxxxxxxxxxxxxxxxxxxxxx .
b00000000000000000000000xxxxxxxxx =
x5
bxxxxxxxxxxxxxxxxxxxxxxxxxxxxxxxx 4
x7
x<
bxxxxxxxxxxxxxxxxxxxxxxxxxxxxxxxx 2
bxxxxxxxxxxxxxxxxxxxxxxxxxxxxxxxx -
bxxxxxxxxxxxxxxxxxxxxxxxxxxxxxxxx /
bxxxxxx X
xO
x;
bxxxxxxxxxxxxxxxxxxxxxxxxxxxxxxxx Q
bxxxxxxxxxxxxxxxxxxxxxxxxxxxxxxxx 3
b00000000000000000000000xxxxxxxxx >
xN
#6053000
b00000000000100100000001000010011 E
b00000000000100100000001000010011 ,
b00100 J
b00001 K
b00100 L
b0010011 R
b0000000 S
b000 T
b00 U
b00 9
08
06
1W
b000 :
15
17
0<
b00000000000000000000000000000001 .
b00000000000000000000000000010101 =
b00000000000000000000000000000111 2
b00000000000000000000000000000101 -
b00000000000000000000000000011000 >
b00000000000000000000000000000001 3
b00000000000000000000000000000110 Q
b00000000000000000000000000000110 /
b000110 X
0O
0;
0N
b00000000000000000000000000000110 4
#6100000
0!
0)
b00000000000000000000000000011000 ?
b00000000000000000000000000011000 +
b000110 C
b00000000000000000000000000011001 =
b00000000000000000000000000011100 1
b00000000000000000000000000011100 >
b00000000000000000000000000000110 -
b00000000000000000000000000000111 Q
b00000000000000000000000000000111 /
b000111 X
b00000000000000000000000000000111 4
#6150000
1!
1)
b000110 H
b000111 \
b00000000000000000000000000000111 ]
#6151000
bxxxxxxxxxxxxxxxxxxxxxxxxxxxxxxxx E
bxxxxxxxxxxxxxxxxxxxxxxxxxxxxxxxx ,
bxxxxx J
bxxxxx K
bxxxxx L
bxxxxxxx R
bxxxxxxx S
bxxx T
bxx U
bxx 9
x8
x6
xW
bxxx :
bxxxxxxxxxxxxxxxxxxxxxxxxxxxxxxxx .
b00000000000000000000000xxxxxxxxx =
x5
bxxxxxxxxxxxxxxxxxxxxxxxxxxxxxxxx 4
x7
x<
bxxxxxxxxxxxxxxxxxxxxxxxxxxxxxxxx 2
bxxxxxxxxxxxxxxxxxxxxxxxxxxxxxxxx -
bxxxxxxxxxxxxxxxxxxxxxxxxxxxxxxxx /
bxxxxxx X
xO
x;
bxxxxxxxxxxxxxxxxxxxxxxxxxxxxxxxx Q
bxxxxxxxxxxxxxxxxxxxxxxxxxxxxxxxx 3
b00000000000000000000000xxxxxxxxx >
xN
#6153000
b11111110000100100001110011100011 E
b11111110000100100001110011100011 ,
b00100 J
b00001 K
b11001 L
b1100011 R
b1111111 S
b001 T
b01 U
b10 9
08
06
1W
b001 :
b00000000000000000001011111111000 .
b00000000000000000000000000010000 =
05
07
b00000000000000000000000000000111 2
b00000000000000000000000000000110 -
b0000000000000000000000000001xx00 >
b00000000000000000000000000000111 3
0N
b11111111111111111111111111111111 Q
b11111111111111111111111111111111 /
b111111 X
1O
0;
1<
b11111111111111111111111111111111 4
b00000000000000000000000000010000 >
#6200000
0!
0)
b00000000000000000000000000010000 ?
b00000000000000000000000000010000 +
b000100 C
b00000000000000000000000000001000 =
b00000000000000000000000000010100 1
b00000000000000000000000000001000 >
#6250000
1!
1)
b000100 H
b111111 \
#6251000
bxxxxxxxxxxxxxxxxxxxxxxxxxxxxxxxx E
bxxxxxxxxxxxxxxxxxxxxxxxxxxxxxxxx ,
bxxxxx J
bxxxxx K
bxxxxx L
bxxxxxxx R
bxxxxxxx S
bxxx T
bxx U
bxx 9
x8
x6
xW
x<
bxxx :
bxxxxxxxxxxxxxxxxxxxxxxxxxxxxxxxx .
b00000000000000000000000xxxxxxxxx =
x5
bxxxxxxxxxxxxxxxxxxxxxxxxxxxxxxxx 4
x7
bxxxxxxxxxxxxxxxxxxxxxxxxxxxxxxxx 2
bxxxxxxxxxxxxxxxxxxxxxxxxxxxxxxxx -
b00000000000000000000000xxxxxxxxx >
bxxxxxxxxxxxxxxxxxxxxxxxxxxxxxxxx /
bxxxxxx X
xO
x;
xN
bxxxxxxxxxxxxxxxxxxxxxxxxxxxxxxxx Q
bxxxxxxxxxxxxxxxxxxxxxxxxxxxxxxxx 3
#6253000
b00000000001000011000000110110011 E
b00000000001000011000000110110011 ,
b00011 J
b00010 K
b00011 L
b0110011 R
b0000000 S
b000 T
b10 U
b00 9
08
06
1W
b000 :
15
07
0<
b00000000000000000000000000000010 .
b00000000000000000000000000010010 =
b00000000000000000000000000000010 2
b00000000000000000000000000001100 -
b00000000000000000000000000010100 >
b00000000000000000000000000000010 3
b00000000000000000000000000001110 Q
b00000000000000000000000000001110 /
b001110 X
0O
0;
0N
b00000000000000000000000000001110 4
#6300000
0!
0)
b00000000000000000000000000010100 ?
b00000000000000000000000000010100 +
b000101 C
b00000000000000000000000000010110 =
b00000000000000000000000000011000 1
b00000000000000000000000000011000 >
b00000000000000000000000000001110 -
b00000000000000000000000000010000 Q
b00000000000000000000000000010000 /
b010000 X
b00000000000000000000000000010000 4
#6350000
1!
1)
b000101 H
b010000 \
b00000000000000000000000000000010 ]
#6351000
bxxxxxxxxxxxxxxxxxxxxxxxxxxxxxxxx E
bxxxxxxxxxxxxxxxxxxxxxxxxxxxxxxxx ,
bxxxxx J
bxxxxx K
bxxxxx L
bxxxxxxx R
bxxxxxxx S
bxxx T
bxx U
bxx 9
x8
x6
xW
bxxx :
bxxxxxxxxxxxxxxxxxxxxxxxxxxxxxxxx .
b00000000000000000000000xxxxxxxxx =
x5
bxxxxxxxxxxxxxxxxxxxxxxxxxxxxxxxx 4
x7
x<
bxxxxxxxxxxxxxxxxxxxxxxxxxxxxxxxx 2
bxxxxxxxxxxxxxxxxxxxxxxxxxxxxxxxx -
bxxxxxxxxxxxxxxxxxxxxxxxxxxxxxxxx /
bxxxxxx X
xO
x;
bxxxxxxxxxxxxxxxxxxxxxxxxxxxxxxxx Q
bxxxxxxxxxxxxxxxxxxxxxxxxxxxxxxxx 3
b00000000000000000000000xxxxxxxxx >
xN
#6353000
b00000000000100100000001000010011 E
b00000000000100100000001000010011 ,
b00100 J
b00001 K
b00100 L
b0010011 R
b0000000 S
b000 T
b00 U
b00 9
08
06
1W
b000 :
15
17
0<
b00000000000000000000000000000001 .
b00000000000000000000000000010101 =
b00000000000000000000000000000111 2
b00000000000000000000000000000110 -
b00000000000000000000000000011000 >
b00000000000000000000000000000001 3
b00000000000000000000000000000111 Q
b00000000000000000000000000000111 /
b000111 X
0O
0;
0N
b00000000000000000000000000000111 4
#6400000
0!
0)
b00000000000000000000000000011000 ?
b00000000000000000000000000011000 +
b000110 C
b00000000000000000000000000011001 =
b00000000000000000000000000011100 1
b00000000000000000000000000011100 >
b00000000000000000000000000000111 -
b00000000000000000000000000001000 Q
b00000000000000000000000000001000 /
b001000 X
b00000000000000000000000000001000 4
#6450000
1!
1)
b000110 H
b001000 \
b00000000000000000000000000000111 ]
#6451000
bxxxxxxxxxxxxxxxxxxxxxxxxxxxxxxxx E
bxxxxxxxxxxxxxxxxxxxxxxxxxxxxxxxx ,
bxxxxx J
bxxxxx K
bxxxxx L
bxxxxxxx R
bxxxxxxx S
bxxx T
bxx U
bxx 9
x8
x6
xW
bxxx :
bxxxxxxxxxxxxxxxxxxxxxxxxxxxxxxxx .
b00000000000000000000000xxxxxxxxx =
x5
bxxxxxxxxxxxxxxxxxxxxxxxxxxxxxxxx 4
x7
x<
bxxxxxxxxxxxxxxxxxxxxxxxxxxxxxxxx 2
bxxxxxxxxxxxxxxxxxxxxxxxxxxxxxxxx -
bxxxxxxxxxxxxxxxxxxxxxxxxxxxxxxxx /
bxxxxxx X
xO
x;
bxxxxxxxxxxxxxxxxxxxxxxxxxxxxxxxx Q
bxxxxxxxxxxxxxxxxxxxxxxxxxxxxxxxx 3
b00000000000000000000000xxxxxxxxx >
xN
#6453000
b11111110000100100001110011100011 E
b11111110000100100001110011100011 ,
b00100 J
b00001 K
b11001 L
b1100011 R
b1111111 S
b001 T
b01 U
b10 9
08
06
1W
b001 :
b00000000000000000001011111111000 .
b00000000000000000000000000010000 =
05
07
b00000000000000000000000000000111 2
b00000000000000000000000000000111 -
b0000000000000000000000000001xx00 >
b00000000000000000000000000000111 3
0N
b00000000000000000000000000000000 Q
b00000000000000000000000000000000 /
b000000 X
0O
1;
0<
b00000000000000000000000000000000 4
b00000000000000000000000000011100 >
#6500000
0!
0)
b00000000000000000000000000011100 ?
b00000000000000000000000000011100 +
b000111 C
b00000000000000000000000000010100 =
b00000000000000000000000000100000 1
b00000000000000000000000000100000 >
#6550000
1!
1)
b000111 H
b000000 \
#6551000
bxxxxxxxxxxxxxxxxxxxxxxxxxxxxxxxx E
bxxxxxxxxxxxxxxxxxxxxxxxxxxxxxxxx ,
bxxxxx J
bxxxxx K
bxxxxx L
bxxxxxxx R
bxxxxxxx S
bxxx T
bxx U
bxx 9
x8
x6
xW
x<
bxxx :
bxxxxxxxxxxxxxxxxxxxxxxxxxxxxxxxx .
b00000000000000000000000xxxxxxxxx =
x5
bxxxxxxxxxxxxxxxxxxxxxxxxxxxxxxxx 4
x7
bxxxxxxxxxxxxxxxxxxxxxxxxxxxxxxxx 2
bxxxxxxxxxxxxxxxxxxxxxxxxxxxxxxxx -
b00000000000000000000000xxxxxxxxx >
bxxxxxxxxxxxxxxxxxxxxxxxxxxxxxxxx /
bxxxxxx X
xO
x;
bxxxxxxxxxxxxxxxxxxxxxxxxxxxxxxxx Q
bxxxxxxxxxxxxxxxxxxxxxxxxxxxxxxxx 3
xN
#6600000
0!
0)
b00000000000000000000000xxxxxxxxx ?
b00000000000000000000000xxxxxxxxx +
bxxxxxx C
b00000000000000000000000xxxxxxxxx 1
#6650000
1!
1)
bxxxxxx H
x[
bxxxxxx \
bxxxxxxxxxxxxxxxxxxxxxxxxxxxxxxxx ]
#6700000
0!
0)
#6750000
1!
1)
#6800000
0!
0)
#6850000
1!
1)
#6900000
0!
0)
#6950000
1!
1)
#7000000
0!
0)
#7050000
1!
1)
#7100000
0!
0)
#7150000
1!
1)
#7200000
b00000000000000000000000000001110 %
b00000000000000000000000000001110 &
b00000010 '
0!
0)
0"
0*
b00000000000000000000000000000000 2
b00000000000000000000000000000000 -
#7250000
1!
1)
b00000000000000000000000000000000 ]
#7300000
0!
0)
b00000000000000000000000000000000 ?
b00000000000000000000000000000000 +
b000000 C
b00000000000000000000000000000100 1
#7350000
1!
1)
b000000 H
#7353000
b00000000000000000000000110010011 E
b00000000000000000000000110010011 ,
b00000 J
b00000 K
b00011 L
b0010011 R
b0000000 S
b000 T
b00 U
b00 9
08
06
1W
b000 :
15
17
0<
b00000000000000000000000000000000 .
b00000000000000000000000000000000 =
b00000000000000000000000000000100 >
b00000000000000000000000000000000 3
b00000000000000000000000000000000 Q
b00000000000000000000000000000000 /
b000000 X
0O
1;
0N
b00000000000000000000000000000000 4
#7400000
b00000000000000000000000000001100 #
0!
0)
1"
1*
#7450000
1!
1)
1[
b000000 \
#7451000
bxxxxxxxxxxxxxxxxxxxxxxxxxxxxxxxx E
bxxxxxxxxxxxxxxxxxxxxxxxxxxxxxxxx ,
bxxxxx J
bxxxxx K
bxxxxx L
bxxxxxxx R
bxxxxxxx S
bxxx T
bxx U
bxx 9
x8
x6
xW
bxxx :
bxxxxxxxxxxxxxxxxxxxxxxxxxxxxxxxx .
b00000000000000000000000xxxxxxxxx =
x5
bxxxxxxxxxxxxxxxxxxxxxxxxxxxxxxxx 4
x7
x<
bxxxxxxxxxxxxxxxxxxxxxxxxxxxxxxxx 2
bxxxxxxxxxxxxxxxxxxxxxxxxxxxxxxxx -
bxxxxxxxxxxxxxxxxxxxxxxxxxxxxxxxx 3
b00000000000000000000000xxxxxxxxx >
bxxxxxxxxxxxxxxxxxxxxxxxxxxxxxxxx /
bxxxxxx X
xO
x;
xN
bxxxxxxxxxxxxxxxxxxxxxxxxxxxxxxxx Q
#7453000
b00000000000000000000000110010011 E
b00000000000000000000000110010011 ,
b00000 J
b00000 K
b00011 L
b0010011 R
b0000000 S
b000 T
b00 U
b00 9
08
06
1W
b000 :
15
17
0<
b00000000000000000000000000000000 .
b00000000000000000000000000000000 =
b00000000000000000000000000000000 2
b00000000000000000000000000000000 -
b00000000000000000000000000000100 >
b00000000000000000000000000000000 3
b00000000000000000000000000000000 Q
b00000000000000000000000000000000 /
b000000 X
0O
1;
0N
b00000000000000000000000000000000 4
#7500000
0!
0)
b00000000000000000000000000000100 ?
b00000000000000000000000000000100 +
b000001 C
b00000000000000000000000000000100 =
b00000000000000000000000000001000 1
b00000000000000000000000000001000 >
#7550000
1!
1)
b000001 H
#7551000
bxxxxxxxxxxxxxxxxxxxxxxxxxxxxxxxx E
bxxxxxxxxxxxxxxxxxxxxxxxxxxxxxxxx ,
bxxxxx J
bxxxxx K
bxxxxx L
bxxxxxxx R
bxxxxxxx S
bxxx T
bxx U
bxx 9
x8
x6
xW
bxxx :
bxxxxxxxxxxxxxxxxxxxxxxxxxxxxxxxx .
b00000000000000000000000xxxxxxxxx =
x5
bxxxxxxxxxxxxxxxxxxxxxxxxxxxxxxxx 4
x7
x<
bxxxxxxxxxxxxxxxxxxxxxxxxxxxxxxxx 2
bxxxxxxxxxxxxxxxxxxxxxxxxxxxxxxxx -
bxxxxxxxxxxxxxxxxxxxxxxxxxxxxxxxx 3
b00000000000000000000000xxxxxxxxx >
bxxxxxxxxxxxxxxxxxxxxxxxxxxxxxxxx /
bxxxxxx X
xO
x;
xN
bxxxxxxxxxxxxxxxxxxxxxxxxxxxxxxxx Q
#7553000
b00000000000000000000001000010011 E
b00000000000000000000001000010011 ,
b00000 J
b00000 K
b00100 L
b0010011 R
b0000000 S
b000 T
b00 U
b00 9
08
06
1W
b000 :
15
17
0<
b00000000000000000000000000000000 .
b00000000000000000000000000000100 =
b00000000000000000000000000000000 2
b00000000000000000000000000000000 -
b00000000000000000000000000001000 >
b00000000000000000000000000000000 3
b00000000000000000000000000000000 Q
b00000000000000000000000000000000 /
b000000 X
0O
1;
0N
b00000000000000000000000000000000 4
#7600000
0!
0)
b00000000000000000000000000001000 ?
b00000000000000000000000000001000 +
b000010 C
b00000000000000000000000000001000 =
b00000000000000000000000000001100 1
b00000000000000000000000000001100 >
#7650000
1!
1)
b000010 H
#7651000
bxxxxxxxxxxxxxxxxxxxxxxxxxxxxxxxx E
bxxxxxxxxxxxxxxxxxxxxxxxxxxxxxxxx ,
bxxxxx J
bxxxxx K
bxxxxx L
bxxxxxxx R
bxxxxxxx S
bxxx T
bxx U
bxx 9
x8
x6
xW
bxxx :
bxxxxxxxxxxxxxxxxxxxxxxxxxxxxxxxx .
b00000000000000000000000xxxxxxxxx =
x5
bxxxxxxxxxxxxxxxxxxxxxxxxxxxxxxxx 4
x7
x<
bxxxxxxxxxxxxxxxxxxxxxxxxxxxxxxxx 2
bxxxxxxxxxxxxxxxxxxxxxxxxxxxxxxxx -
bxxxxxxxxxxxxxxxxxxxxxxxxxxxxxxxx 3
b00000000000000000000000xxxxxxxxx >
bxxxxxxxxxxxxxxxxxxxxxxxxxxxxxxxx /
bxxxxxx X
xO
x;
xN
bxxxxxxxxxxxxxxxxxxxxxxxxxxxxxxxx Q
#7653000
b00000000000000001000101001100011 E
b00000000000000001000101001100011 ,
b00001 J
b00000 K
b10100 L
b1100011 R
b0000000 S
b000 T
b01 U
b10 9
08
06
1W
b001 :
b00000000000000000000000000010100 .
b00000000000000000000000000011100 =
05
07
b00000000000000000000000000000000 2
b00000000000000000000000000001100 -
b000000000000000000000000000x1100 >
b00000000000000000000000000000000 3
0N
b00000000000000000000000000001100 Q
b00000000000000000000000000001100 /
b001100 X
0O
0;
0<
b00000000000000000000000000001100 4
b00000000000000000000000000001100 >
#7700000
0!
0)
b00000000000000000000000000001100 ?
b00000000000000000000000000001100 +
b000011 C
b00000000000000000000000000100000 =
b00000000000000000000000000010000 1
b00000000000000000000000000010000 >
#7750000
1!
1)
b000011 H
b001100 \
#7751000
bxxxxxxxxxxxxxxxxxxxxxxxxxxxxxxxx E
bxxxxxxxxxxxxxxxxxxxxxxxxxxxxxxxx ,
bxxxxx J
bxxxxx K
bxxxxx L
bxxxxxxx R
bxxxxxxx S
bxxx T
bxx U
bxx 9
x8
x6
xW
x<
bxxx :
bxxxxxxxxxxxxxxxxxxxxxxxxxxxxxxxx .
b00000000000000000000000xxxxxxxxx =
x5
bxxxxxxxxxxxxxxxxxxxxxxxxxxxxxxxx 4
x7
bxxxxxxxxxxxxxxxxxxxxxxxxxxxxxxxx 2
bxxxxxxxxxxxxxxxxxxxxxxxxxxxxxxxx -
b00000000000000000000000xxxxxxxxx >
bxxxxxxxxxxxxxxxxxxxxxxxxxxxxxxxx /
bxxxxxx X
xO
x;
bxxxxxxxxxxxxxxxxxxxxxxxxxxxxxxxx 3
xN
bxxxxxxxxxxxxxxxxxxxxxxxxxxxxxxxx Q
#7753000
b00000000000000010000100001100011 E
b00000000000000010000100001100011 ,
b00010 J
b00000 K
b10000 L
b1100011 R
b0000000 S
b000 T
b01 U
b10 9
08
06
1W
b001 :
b00000000000000000000000000010000 .
b00000000000000000000000000011100 =
05
07
b00000000000000000000000000000000 2
b00000000000000000000000000000010 -
b0000000000000000000000000001xx00 >
b00000000000000000000000000000000 3
0N
b00000000000000000000000000000010 Q
b00000000000000000000000000000010 /
b000010 X
0O
0;
0<
b00000000000000000000000000000010 4
b00000000000000000000000000010000 >
#7800000
0!
0)
b00000000000000000000000000010000 ?
b00000000000000000000000000010000 +
b000100 C
b00000000000000000000000000100000 =
b00000000000000000000000000010100 1
b00000000000000000000000000010100 >
#7850000
1!
1)
b000100 H
b000010 \
#7851000
bxxxxxxxxxxxxxxxxxxxxxxxxxxxxxxxx E
bxxxxxxxxxxxxxxxxxxxxxxxxxxxxxxxx ,
bxxxxx J
bxxxxx K
bxxxxx L
bxxxxxxx R
bxxxxxxx S
bxxx T
bxx U
bxx 9
x8
x6
xW
x<
bxxx :
bxxxxxxxxxxxxxxxxxxxxxxxxxxxxxxxx .
b00000000000000000000000xxxxxxxxx =
x5
bxxxxxxxxxxxxxxxxxxxxxxxxxxxxxxxx 4
x7
bxxxxxxxxxxxxxxxxxxxxxxxxxxxxxxxx 2
bxxxxxxxxxxxxxxxxxxxxxxxxxxxxxxxx -
b00000000000000000000000xxxxxxxxx >
bxxxxxxxxxxxxxxxxxxxxxxxxxxxxxxxx /
bxxxxxx X
xO
x;
bxxxxxxxxxxxxxxxxxxxxxxxxxxxxxxxx 3
xN
bxxxxxxxxxxxxxxxxxxxxxxxxxxxxxxxx Q
#7853000
b00000000001000011000000110110011 E
b00000000001000011000000110110011 ,
b00011 J
b00010 K
b00011 L
b0110011 R
b0000000 S
b000 T
b10 U
b00 9
08
06
1W
b000 :
15
07
0<
b00000000000000000000000000000010 .
b00000000000000000000000000010010 =
b00000000000000000000000000000010 2
b00000000000000000000000000000000 -
b00000000000000000000000000010100 >
b00000000000000000000000000000010 3
b00000000000000000000000000000010 Q
b00000000000000000000000000000010 /
b000010 X
0O
0;
0N
b00000000000000000000000000000010 4
#7900000
0!
0)
b00000000000000000000000000010100 ?
b00000000000000000000000000010100 +
b000101 C
b00000000000000000000000000010110 =
b00000000000000000000000000011000 1
b00000000000000000000000000011000 >
b00000000000000000000000000000010 -
b00000000000000000000000000000100 Q
b00000000000000000000000000000100 /
b000100 X
b00000000000000000000000000000100 4
#7950000
1!
1)
b000101 H
b000100 \
b00000000000000000000000000000010 ]
#7951000
bxxxxxxxxxxxxxxxxxxxxxxxxxxxxxxxx E
bxxxxxxxxxxxxxxxxxxxxxxxxxxxxxxxx ,
bxxxxx J
bxxxxx K
bxxxxx L
bxxxxxxx R
bxxxxxxx S
bxxx T
bxx U
bxx 9
x8
x6
xW
bxxx :
bxxxxxxxxxxxxxxxxxxxxxxxxxxxxxxxx .
b00000000000000000000000xxxxxxxxx =
x5
bxxxxxxxxxxxxxxxxxxxxxxxxxxxxxxxx 4
x7
x<
bxxxxxxxxxxxxxxxxxxxxxxxxxxxxxxxx 2
bxxxxxxxxxxxxxxxxxxxxxxxxxxxxxxxx -
bxxxxxxxxxxxxxxxxxxxxxxxxxxxxxxxx /
bxxxxxx X
xO
x;
bxxxxxxxxxxxxxxxxxxxxxxxxxxxxxxxx Q
bxxxxxxxxxxxxxxxxxxxxxxxxxxxxxxxx 3
b00000000000000000000000xxxxxxxxx >
xN
#7953000
b00000000000100100000001000010011 E
b00000000000100100000001000010011 ,
b00100 J
b00001 K
b00100 L
b0010011 R
b0000000 S
b000 T
b00 U
b00 9
08
06
1W
b000 :
15
17
0<
b00000000000000000000000000000001 .
b00000000000000000000000000010101 =
b00000000000000000000000000001100 2
b00000000000000000000000000000000 -
b00000000000000000000000000011000 >
b00000000000000000000000000000001 3
b00000000000000000000000000000001 Q
b00000000000000000000000000000001 /
b000001 X
0O
0;
0N
b00000000000000000000000000000001 4
#8000000
0!
0)
b00000000000000000000000000011000 ?
b00000000000000000000000000011000 +
b000110 C
b00000000000000000000000000011001 =
b00000000000000000000000000011100 1
b00000000000000000000000000011100 >
b00000000000000000000000000000001 -
b00000000000000000000000000000010 Q
b00000000000000000000000000000010 /
b000010 X
b00000000000000000000000000000010 4
#8050000
1!
1)
b000110 H
b000010 \
b00000000000000000000000000001100 ]
#8051000
bxxxxxxxxxxxxxxxxxxxxxxxxxxxxxxxx E
bxxxxxxxxxxxxxxxxxxxxxxxxxxxxxxxx ,
bxxxxx J
bxxxxx K
bxxxxx L
bxxxxxxx R
bxxxxxxx S
bxxx T
bxx U
bxx 9
x8
x6
xW
bxxx :
bxxxxxxxxxxxxxxxxxxxxxxxxxxxxxxxx .
b00000000000000000000000xxxxxxxxx =
x5
bxxxxxxxxxxxxxxxxxxxxxxxxxxxxxxxx 4
x7
x<
bxxxxxxxxxxxxxxxxxxxxxxxxxxxxxxxx 2
bxxxxxxxxxxxxxxxxxxxxxxxxxxxxxxxx -
bxxxxxxxxxxxxxxxxxxxxxxxxxxxxxxxx /
bxxxxxx X
xO
x;
bxxxxxxxxxxxxxxxxxxxxxxxxxxxxxxxx Q
bxxxxxxxxxxxxxxxxxxxxxxxxxxxxxxxx 3
b00000000000000000000000xxxxxxxxx >
xN
#8053000
b11111110000100100001110011100011 E
b11111110000100100001110011100011 ,
b00100 J
b00001 K
b11001 L
b1100011 R
b1111111 S
b001 T
b01 U
b10 9
08
06
1W
b001 :
b00000000000000000001011111111000 .
b00000000000000000000000000010000 =
05
07
b00000000000000000000000000001100 2
b00000000000000000000000000000001 -
b0000000000000000000000000001xx00 >
b00000000000000000000000000001100 3
0N
b11111111111111111111111111110101 Q
b11111111111111111111111111110101 /
b110101 X
1O
0;
1<
b11111111111111111111111111110101 4
b00000000000000000000000000010000 >
#8100000
0!
0)
b00000000000000000000000000010000 ?
b00000000000000000000000000010000 +
b000100 C
b00000000000000000000000000001000 =
b00000000000000000000000000010100 1
b00000000000000000000000000001000 >
#8150000
1!
1)
b000100 H
b110101 \
#8151000
bxxxxxxxxxxxxxxxxxxxxxxxxxxxxxxxx E
bxxxxxxxxxxxxxxxxxxxxxxxxxxxxxxxx ,
bxxxxx J
bxxxxx K
bxxxxx L
bxxxxxxx R
bxxxxxxx S
bxxx T
bxx U
bxx 9
x8
x6
xW
x<
bxxx :
bxxxxxxxxxxxxxxxxxxxxxxxxxxxxxxxx .
b00000000000000000000000xxxxxxxxx =
x5
bxxxxxxxxxxxxxxxxxxxxxxxxxxxxxxxx 4
x7
bxxxxxxxxxxxxxxxxxxxxxxxxxxxxxxxx 2
bxxxxxxxxxxxxxxxxxxxxxxxxxxxxxxxx -
b00000000000000000000000xxxxxxxxx >
bxxxxxxxxxxxxxxxxxxxxxxxxxxxxxxxx /
bxxxxxx X
xO
x;
xN
bxxxxxxxxxxxxxxxxxxxxxxxxxxxxxxxx Q
bxxxxxxxxxxxxxxxxxxxxxxxxxxxxxxxx 3
#8153000
b00000000001000011000000110110011 E
b00000000001000011000000110110011 ,
b00011 J
b00010 K
b00011 L
b0110011 R
b0000000 S
b000 T
b10 U
b00 9
08
06
1W
b000 :
15
07
0<
b00000000000000000000000000000010 .
b00000000000000000000000000010010 =
b00000000000000000000000000000010 2
b00000000000000000000000000000010 -
b00000000000000000000000000010100 >
b00000000000000000000000000000010 3
b00000000000000000000000000000100 Q
b00000000000000000000000000000100 /
b000100 X
0O
0;
0N
b00000000000000000000000000000100 4
#8200000
0!
0)
b00000000000000000000000000010100 ?
b00000000000000000000000000010100 +
b000101 C
b00000000000000000000000000010110 =
b00000000000000000000000000011000 1
b00000000000000000000000000011000 >
b00000000000000000000000000000100 -
b00000000000000000000000000000110 Q
b00000000000000000000000000000110 /
b000110 X
b00000000000000000000000000000110 4
#8250000
1!
1)
b000101 H
b000110 \
b00000000000000000000000000000010 ]
#8251000
bxxxxxxxxxxxxxxxxxxxxxxxxxxxxxxxx E
bxxxxxxxxxxxxxxxxxxxxxxxxxxxxxxxx ,
bxxxxx J
bxxxxx K
bxxxxx L
bxxxxxxx R
bxxxxxxx S
bxxx T
bxx U
bxx 9
x8
x6
xW
bxxx :
bxxxxxxxxxxxxxxxxxxxxxxxxxxxxxxxx .
b00000000000000000000000xxxxxxxxx =
x5
bxxxxxxxxxxxxxxxxxxxxxxxxxxxxxxxx 4
x7
x<
bxxxxxxxxxxxxxxxxxxxxxxxxxxxxxxxx 2
bxxxxxxxxxxxxxxxxxxxxxxxxxxxxxxxx -
bxxxxxxxxxxxxxxxxxxxxxxxxxxxxxxxx /
bxxxxxx X
xO
x;
bxxxxxxxxxxxxxxxxxxxxxxxxxxxxxxxx Q
bxxxxxxxxxxxxxxxxxxxxxxxxxxxxxxxx 3
b00000000000000000000000xxxxxxxxx >
xN
#8253000
b00000000000100100000001000010011 E
b00000000000100100000001000010011 ,
b00100 J
b00001 K
b00100 L
b0010011 R
b0000000 S
b000 T
b00 U
b00 9
08
06
1W
b000 :
15
17
0<
b00000000000000000000000000000001 .
b00000000000000000000000000010101 =
b00000000000000000000000000001100 2
b00000000000000000000000000000001 -
b00000000000000000000000000011000 >
b00000000000000000000000000000001 3
b00000000000000000000000000000010 Q
b00000000000000000000000000000010 /
b000010 X
0O
0;
0N
b00000000000000000000000000000010 4
#8300000
0!
0)
b00000000000000000000000000011000 ?
b00000000000000000000000000011000 +
b000110 C
b00000000000000000000000000011001 =
b00000000000000000000000000011100 1
b00000000000000000000000000011100 >
b00000000000000000000000000000010 -
b00000000000000000000000000000011 Q
b00000000000000000000000000000011 /
b000011 X
b00000000000000000000000000000011 4
#8350000
1!
1)
b000110 H
b000011 \
b00000000000000000000000000001100 ]
#8351000
bxxxxxxxxxxxxxxxxxxxxxxxxxxxxxxxx E
bxxxxxxxxxxxxxxxxxxxxxxxxxxxxxxxx ,
bxxxxx J
bxxxxx K
bxxxxx L
bxxxxxxx R
bxxxxxxx S
bxxx T
bxx U
bxx 9
x8
x6
xW
bxxx :
bxxxxxxxxxxxxxxxxxxxxxxxxxxxxxxxx .
b00000000000000000000000xxxxxxxxx =
x5
bxxxxxxxxxxxxxxxxxxxxxxxxxxxxxxxx 4
x7
x<
bxxxxxxxxxxxxxxxxxxxxxxxxxxxxxxxx 2
bxxxxxxxxxxxxxxxxxxxxxxxxxxxxxxxx -
bxxxxxxxxxxxxxxxxxxxxxxxxxxxxxxxx /
bxxxxxx X
xO
x;
bxxxxxxxxxxxxxxxxxxxxxxxxxxxxxxxx Q
bxxxxxxxxxxxxxxxxxxxxxxxxxxxxxxxx 3
b00000000000000000000000xxxxxxxxx >
xN
#8353000
b11111110000100100001110011100011 E
b11111110000100100001110011100011 ,
b00100 J
b00001 K
b11001 L
b1100011 R
b1111111 S
b001 T
b01 U
b10 9
08
06
1W
b001 :
b00000000000000000001011111111000 .
b00000000000000000000000000010000 =
05
07
b00000000000000000000000000001100 2
b00000000000000000000000000000010 -
b0000000000000000000000000001xx00 >
b00000000000000000000000000001100 3
0N
b11111111111111111111111111110110 Q
b11111111111111111111111111110110 /
b110110 X
1O
0;
1<
b11111111111111111111111111110110 4
b00000000000000000000000000010000 >
#8400000
0!
0)
b00000000000000000000000000010000 ?
b00000000000000000000000000010000 +
b000100 C
b00000000000000000000000000001000 =
b00000000000000000000000000010100 1
b00000000000000000000000000001000 >
#8450000
1!
1)
b000100 H
b110110 \
#8451000
bxxxxxxxxxxxxxxxxxxxxxxxxxxxxxxxx E
bxxxxxxxxxxxxxxxxxxxxxxxxxxxxxxxx ,
bxxxxx J
bxxxxx K
bxxxxx L
bxxxxxxx R
bxxxxxxx S
bxxx T
bxx U
bxx 9
x8
x6
xW
x<
bxxx :
bxxxxxxxxxxxxxxxxxxxxxxxxxxxxxxxx .
b00000000000000000000000xxxxxxxxx =
x5
bxxxxxxxxxxxxxxxxxxxxxxxxxxxxxxxx 4
x7
bxxxxxxxxxxxxxxxxxxxxxxxxxxxxxxxx 2
bxxxxxxxxxxxxxxxxxxxxxxxxxxxxxxxx -
b00000000000000000000000xxxxxxxxx >
bxxxxxxxxxxxxxxxxxxxxxxxxxxxxxxxx /
bxxxxxx X
xO
x;
xN
bxxxxxxxxxxxxxxxxxxxxxxxxxxxxxxxx Q
bxxxxxxxxxxxxxxxxxxxxxxxxxxxxxxxx 3
#8453000
b00000000001000011000000110110011 E
b00000000001000011000000110110011 ,
b00011 J
b00010 K
b00011 L
b0110011 R
b0000000 S
b000 T
b10 U
b00 9
08
06
1W
b000 :
15
07
0<
b00000000000000000000000000000010 .
b00000000000000000000000000010010 =
b00000000000000000000000000000010 2
b00000000000000000000000000000100 -
b00000000000000000000000000010100 >
b00000000000000000000000000000010 3
b00000000000000000000000000000110 Q
b00000000000000000000000000000110 /
b000110 X
0O
0;
0N
b00000000000000000000000000000110 4
#8500000
0!
0)
b00000000000000000000000000010100 ?
b00000000000000000000000000010100 +
b000101 C
b00000000000000000000000000010110 =
b00000000000000000000000000011000 1
b00000000000000000000000000011000 >
b00000000000000000000000000000110 -
b00000000000000000000000000001000 Q
b00000000000000000000000000001000 /
b001000 X
b00000000000000000000000000001000 4
#8550000
1!
1)
b000101 H
b001000 \
b00000000000000000000000000000010 ]
#8551000
bxxxxxxxxxxxxxxxxxxxxxxxxxxxxxxxx E
bxxxxxxxxxxxxxxxxxxxxxxxxxxxxxxxx ,
bxxxxx J
bxxxxx K
bxxxxx L
bxxxxxxx R
bxxxxxxx S
bxxx T
bxx U
bxx 9
x8
x6
xW
bxxx :
bxxxxxxxxxxxxxxxxxxxxxxxxxxxxxxxx .
b00000000000000000000000xxxxxxxxx =
x5
bxxxxxxxxxxxxxxxxxxxxxxxxxxxxxxxx 4
x7
x<
bxxxxxxxxxxxxxxxxxxxxxxxxxxxxxxxx 2
bxxxxxxxxxxxxxxxxxxxxxxxxxxxxxxxx -
bxxxxxxxxxxxxxxxxxxxxxxxxxxxxxxxx /
bxxxxxx X
xO
x;
bxxxxxxxxxxxxxxxxxxxxxxxxxxxxxxxx Q
bxxxxxxxxxxxxxxxxxxxxxxxxxxxxxxxx 3
b00000000000000000000000xxxxxxxxx >
xN
#8553000
b00000000000100100000001000010011 E
b00000000000100100000001000010011 ,
b00100 J
b00001 K
b00100 L
b0010011 R
b0000000 S
b000 T
b00 U
b00 9
08
06
1W
b000 :
15
17
0<
b00000000000000000000000000000001 .
b00000000000000000000000000010101 =
b00000000000000000000000000001100 2
b00000000000000000000000000000010 -
b00000000000000000000000000011000 >
b00000000000000000000000000000001 3
b00000000000000000000000000000011 Q
b00000000000000000000000000000011 /
b000011 X
0O
0;
0N
b00000000000000000000000000000011 4
#8600000
0!
0)
b00000000000000000000000000011000 ?
b00000000000000000000000000011000 +
b000110 C
b00000000000000000000000000011001 =
b00000000000000000000000000011100 1
b00000000000000000000000000011100 >
b00000000000000000000000000000011 -
b00000000000000000000000000000100 Q
b00000000000000000000000000000100 /
b000100 X
b00000000000000000000000000000100 4
#8650000
1!
1)
b000110 H
b000100 \
b00000000000000000000000000001100 ]
#8651000
bxxxxxxxxxxxxxxxxxxxxxxxxxxxxxxxx E
bxxxxxxxxxxxxxxxxxxxxxxxxxxxxxxxx ,
bxxxxx J
bxxxxx K
bxxxxx L
bxxxxxxx R
bxxxxxxx S
bxxx T
bxx U
bxx 9
x8
x6
xW
bxxx :
bxxxxxxxxxxxxxxxxxxxxxxxxxxxxxxxx .
b00000000000000000000000xxxxxxxxx =
x5
bxxxxxxxxxxxxxxxxxxxxxxxxxxxxxxxx 4
x7
x<
bxxxxxxxxxxxxxxxxxxxxxxxxxxxxxxxx 2
bxxxxxxxxxxxxxxxxxxxxxxxxxxxxxxxx -
bxxxxxxxxxxxxxxxxxxxxxxxxxxxxxxxx /
bxxxxxx X
xO
x;
bxxxxxxxxxxxxxxxxxxxxxxxxxxxxxxxx Q
bxxxxxxxxxxxxxxxxxxxxxxxxxxxxxxxx 3
b00000000000000000000000xxxxxxxxx >
xN
#8653000
b11111110000100100001110011100011 E
b11111110000100100001110011100011 ,
b00100 J
b00001 K
b11001 L
b1100011 R
b1111111 S
b001 T
b01 U
b10 9
08
06
1W
b001 :
b00000000000000000001011111111000 .
b00000000000000000000000000010000 =
05
07
b00000000000000000000000000001100 2
b00000000000000000000000000000011 -
b0000000000000000000000000001xx00 >
b00000000000000000000000000001100 3
0N
b11111111111111111111111111110111 Q
b11111111111111111111111111110111 /
b110111 X
1O
0;
1<
b11111111111111111111111111110111 4
b00000000000000000000000000010000 >
#8700000
0!
0)
b00000000000000000000000000010000 ?
b00000000000000000000000000010000 +
b000100 C
b00000000000000000000000000001000 =
b00000000000000000000000000010100 1
b00000000000000000000000000001000 >
#8750000
1!
1)
b000100 H
b110111 \
#8751000
bxxxxxxxxxxxxxxxxxxxxxxxxxxxxxxxx E
bxxxxxxxxxxxxxxxxxxxxxxxxxxxxxxxx ,
bxxxxx J
bxxxxx K
bxxxxx L
bxxxxxxx R
bxxxxxxx S
bxxx T
bxx U
bxx 9
x8
x6
xW
x<
bxxx :
bxxxxxxxxxxxxxxxxxxxxxxxxxxxxxxxx .
b00000000000000000000000xxxxxxxxx =
x5
bxxxxxxxxxxxxxxxxxxxxxxxxxxxxxxxx 4
x7
bxxxxxxxxxxxxxxxxxxxxxxxxxxxxxxxx 2
bxxxxxxxxxxxxxxxxxxxxxxxxxxxxxxxx -
b00000000000000000000000xxxxxxxxx >
bxxxxxxxxxxxxxxxxxxxxxxxxxxxxxxxx /
bxxxxxx X
xO
x;
xN
bxxxxxxxxxxxxxxxxxxxxxxxxxxxxxxxx Q
bxxxxxxxxxxxxxxxxxxxxxxxxxxxxxxxx 3
#8753000
b00000000001000011000000110110011 E
b00000000001000011000000110110011 ,
b00011 J
b00010 K
b00011 L
b0110011 R
b0000000 S
b000 T
b10 U
b00 9
08
06
1W
b000 :
15
07
0<
b00000000000000000000000000000010 .
b00000000000000000000000000010010 =
b00000000000000000000000000000010 2
b00000000000000000000000000000110 -
b00000000000000000000000000010100 >
b00000000000000000000000000000010 3
b00000000000000000000000000001000 Q
b00000000000000000000000000001000 /
b001000 X
0O
0;
0N
b00000000000000000000000000001000 4
#8800000
0!
0)
b00000000000000000000000000010100 ?
b00000000000000000000000000010100 +
b000101 C
b00000000000000000000000000010110 =
b00000000000000000000000000011000 1
b00000000000000000000000000011000 >
b00000000000000000000000000001000 -
b00000000000000000000000000001010 Q
b00000000000000000000000000001010 /
b001010 X
b00000000000000000000000000001010 4
#8850000
1!
1)
b000101 H
b001010 \
b00000000000000000000000000000010 ]
#8851000
bxxxxxxxxxxxxxxxxxxxxxxxxxxxxxxxx E
bxxxxxxxxxxxxxxxxxxxxxxxxxxxxxxxx ,
bxxxxx J
bxxxxx K
bxxxxx L
bxxxxxxx R
bxxxxxxx S
bxxx T
bxx U
bxx 9
x8
x6
xW
bxxx :
bxxxxxxxxxxxxxxxxxxxxxxxxxxxxxxxx .
b00000000000000000000000xxxxxxxxx =
x5
bxxxxxxxxxxxxxxxxxxxxxxxxxxxxxxxx 4
x7
x<
bxxxxxxxxxxxxxxxxxxxxxxxxxxxxxxxx 2
bxxxxxxxxxxxxxxxxxxxxxxxxxxxxxxxx -
bxxxxxxxxxxxxxxxxxxxxxxxxxxxxxxxx /
bxxxxxx X
xO
x;
bxxxxxxxxxxxxxxxxxxxxxxxxxxxxxxxx Q
bxxxxxxxxxxxxxxxxxxxxxxxxxxxxxxxx 3
b00000000000000000000000xxxxxxxxx >
xN
#8853000
b00000000000100100000001000010011 E
b00000000000100100000001000010011 ,
b00100 J
b00001 K
b00100 L
b0010011 R
b0000000 S
b000 T
b00 U
b00 9
08
06
1W
b000 :
15
17
0<
b00000000000000000000000000000001 .
b00000000000000000000000000010101 =
b00000000000000000000000000001100 2
b00000000000000000000000000000011 -
b00000000000000000000000000011000 >
b00000000000000000000000000000001 3
b00000000000000000000000000000100 Q
b00000000000000000000000000000100 /
b000100 X
0O
0;
0N
b00000000000000000000000000000100 4
#8900000
0!
0)
b00000000000000000000000000011000 ?
b00000000000000000000000000011000 +
b000110 C
b00000000000000000000000000011001 =
b00000000000000000000000000011100 1
b00000000000000000000000000011100 >
b00000000000000000000000000000100 -
b00000000000000000000000000000101 Q
b00000000000000000000000000000101 /
b000101 X
b00000000000000000000000000000101 4
#8950000
1!
1)
b000110 H
b000101 \
b00000000000000000000000000001100 ]
#8951000
bxxxxxxxxxxxxxxxxxxxxxxxxxxxxxxxx E
bxxxxxxxxxxxxxxxxxxxxxxxxxxxxxxxx ,
bxxxxx J
bxxxxx K
bxxxxx L
bxxxxxxx R
bxxxxxxx S
bxxx T
bxx U
bxx 9
x8
x6
xW
bxxx :
bxxxxxxxxxxxxxxxxxxxxxxxxxxxxxxxx .
b00000000000000000000000xxxxxxxxx =
x5
bxxxxxxxxxxxxxxxxxxxxxxxxxxxxxxxx 4
x7
x<
bxxxxxxxxxxxxxxxxxxxxxxxxxxxxxxxx 2
bxxxxxxxxxxxxxxxxxxxxxxxxxxxxxxxx -
bxxxxxxxxxxxxxxxxxxxxxxxxxxxxxxxx /
bxxxxxx X
xO
x;
bxxxxxxxxxxxxxxxxxxxxxxxxxxxxxxxx Q
bxxxxxxxxxxxxxxxxxxxxxxxxxxxxxxxx 3
b00000000000000000000000xxxxxxxxx >
xN
#8953000
b11111110000100100001110011100011 E
b11111110000100100001110011100011 ,
b00100 J
b00001 K
b11001 L
b1100011 R
b1111111 S
b001 T
b01 U
b10 9
08
06
1W
b001 :
b00000000000000000001011111111000 .
b00000000000000000000000000010000 =
05
07
b00000000000000000000000000001100 2
b00000000000000000000000000000100 -
b0000000000000000000000000001xx00 >
b00000000000000000000000000001100 3
0N
b11111111111111111111111111111000 Q
b11111111111111111111111111111000 /
b111000 X
1O
0;
1<
b11111111111111111111111111111000 4
b00000000000000000000000000010000 >
#9000000
0!
0)
b00000000000000000000000000010000 ?
b00000000000000000000000000010000 +
b000100 C
b00000000000000000000000000001000 =
b00000000000000000000000000010100 1
b00000000000000000000000000001000 >
#9050000
1!
1)
b000100 H
b111000 \
#9051000
bxxxxxxxxxxxxxxxxxxxxxxxxxxxxxxxx E
bxxxxxxxxxxxxxxxxxxxxxxxxxxxxxxxx ,
bxxxxx J
bxxxxx K
bxxxxx L
bxxxxxxx R
bxxxxxxx S
bxxx T
bxx U
bxx 9
x8
x6
xW
x<
bxxx :
bxxxxxxxxxxxxxxxxxxxxxxxxxxxxxxxx .
b00000000000000000000000xxxxxxxxx =
x5
bxxxxxxxxxxxxxxxxxxxxxxxxxxxxxxxx 4
x7
bxxxxxxxxxxxxxxxxxxxxxxxxxxxxxxxx 2
bxxxxxxxxxxxxxxxxxxxxxxxxxxxxxxxx -
b00000000000000000000000xxxxxxxxx >
bxxxxxxxxxxxxxxxxxxxxxxxxxxxxxxxx /
bxxxxxx X
xO
x;
xN
bxxxxxxxxxxxxxxxxxxxxxxxxxxxxxxxx Q
bxxxxxxxxxxxxxxxxxxxxxxxxxxxxxxxx 3
#9053000
b00000000001000011000000110110011 E
b00000000001000011000000110110011 ,
b00011 J
b00010 K
b00011 L
b0110011 R
b0000000 S
b000 T
b10 U
b00 9
08
06
1W
b000 :
15
07
0<
b00000000000000000000000000000010 .
b00000000000000000000000000010010 =
b00000000000000000000000000000010 2
b00000000000000000000000000001000 -
b00000000000000000000000000010100 >
b00000000000000000000000000000010 3
b00000000000000000000000000001010 Q
b00000000000000000000000000001010 /
b001010 X
0O
0;
0N
b00000000000000000000000000001010 4
#9100000
0!
0)
b00000000000000000000000000010100 ?
b00000000000000000000000000010100 +
b000101 C
b00000000000000000000000000010110 =
b00000000000000000000000000011000 1
b00000000000000000000000000011000 >
b00000000000000000000000000001010 -
b00000000000000000000000000001100 Q
b00000000000000000000000000001100 /
b001100 X
b00000000000000000000000000001100 4
#9150000
1!
1)
b000101 H
b001100 \
b00000000000000000000000000000010 ]
#9151000
bxxxxxxxxxxxxxxxxxxxxxxxxxxxxxxxx E
bxxxxxxxxxxxxxxxxxxxxxxxxxxxxxxxx ,
bxxxxx J
bxxxxx K
bxxxxx L
bxxxxxxx R
bxxxxxxx S
bxxx T
bxx U
bxx 9
x8
x6
xW
bxxx :
bxxxxxxxxxxxxxxxxxxxxxxxxxxxxxxxx .
b00000000000000000000000xxxxxxxxx =
x5
bxxxxxxxxxxxxxxxxxxxxxxxxxxxxxxxx 4
x7
x<
bxxxxxxxxxxxxxxxxxxxxxxxxxxxxxxxx 2
bxxxxxxxxxxxxxxxxxxxxxxxxxxxxxxxx -
bxxxxxxxxxxxxxxxxxxxxxxxxxxxxxxxx /
bxxxxxx X
xO
x;
bxxxxxxxxxxxxxxxxxxxxxxxxxxxxxxxx Q
bxxxxxxxxxxxxxxxxxxxxxxxxxxxxxxxx 3
b00000000000000000000000xxxxxxxxx >
xN
#9153000
b00000000000100100000001000010011 E
b00000000000100100000001000010011 ,
b00100 J
b00001 K
b00100 L
b0010011 R
b0000000 S
b000 T
b00 U
b00 9
08
06
1W
b000 :
15
17
0<
b00000000000000000000000000000001 .
b00000000000000000000000000010101 =
b00000000000000000000000000001100 2
b00000000000000000000000000000100 -
b00000000000000000000000000011000 >
b00000000000000000000000000000001 3
b00000000000000000000000000000101 Q
b00000000000000000000000000000101 /
b000101 X
0O
0;
0N
b00000000000000000000000000000101 4
#9200000
0!
0)
b00000000000000000000000000011000 ?
b00000000000000000000000000011000 +
b000110 C
b00000000000000000000000000011001 =
b00000000000000000000000000011100 1
b00000000000000000000000000011100 >
b00000000000000000000000000000101 -
b00000000000000000000000000000110 Q
b00000000000000000000000000000110 /
b000110 X
b00000000000000000000000000000110 4
#9250000
1!
1)
b000110 H
b000110 \
b00000000000000000000000000001100 ]
#9251000
bxxxxxxxxxxxxxxxxxxxxxxxxxxxxxxxx E
bxxxxxxxxxxxxxxxxxxxxxxxxxxxxxxxx ,
bxxxxx J
bxxxxx K
bxxxxx L
bxxxxxxx R
bxxxxxxx S
bxxx T
bxx U
bxx 9
x8
x6
xW
bxxx :
bxxxxxxxxxxxxxxxxxxxxxxxxxxxxxxxx .
b00000000000000000000000xxxxxxxxx =
x5
bxxxxxxxxxxxxxxxxxxxxxxxxxxxxxxxx 4
x7
x<
bxxxxxxxxxxxxxxxxxxxxxxxxxxxxxxxx 2
bxxxxxxxxxxxxxxxxxxxxxxxxxxxxxxxx -
bxxxxxxxxxxxxxxxxxxxxxxxxxxxxxxxx /
bxxxxxx X
xO
x;
bxxxxxxxxxxxxxxxxxxxxxxxxxxxxxxxx Q
bxxxxxxxxxxxxxxxxxxxxxxxxxxxxxxxx 3
b00000000000000000000000xxxxxxxxx >
xN
#9253000
b11111110000100100001110011100011 E
b11111110000100100001110011100011 ,
b00100 J
b00001 K
b11001 L
b1100011 R
b1111111 S
b001 T
b01 U
b10 9
08
06
1W
b001 :
b00000000000000000001011111111000 .
b00000000000000000000000000010000 =
05
07
b00000000000000000000000000001100 2
b00000000000000000000000000000101 -
b0000000000000000000000000001xx00 >
b00000000000000000000000000001100 3
0N
b11111111111111111111111111111001 Q
b11111111111111111111111111111001 /
b111001 X
1O
0;
1<
b11111111111111111111111111111001 4
b00000000000000000000000000010000 >
#9300000
0!
0)
b00000000000000000000000000010000 ?
b00000000000000000000000000010000 +
b000100 C
b00000000000000000000000000001000 =
b00000000000000000000000000010100 1
b00000000000000000000000000001000 >
#9350000
1!
1)
b000100 H
b111001 \
#9351000
bxxxxxxxxxxxxxxxxxxxxxxxxxxxxxxxx E
bxxxxxxxxxxxxxxxxxxxxxxxxxxxxxxxx ,
bxxxxx J
bxxxxx K
bxxxxx L
bxxxxxxx R
bxxxxxxx S
bxxx T
bxx U
bxx 9
x8
x6
xW
x<
bxxx :
bxxxxxxxxxxxxxxxxxxxxxxxxxxxxxxxx .
b00000000000000000000000xxxxxxxxx =
x5
bxxxxxxxxxxxxxxxxxxxxxxxxxxxxxxxx 4
x7
bxxxxxxxxxxxxxxxxxxxxxxxxxxxxxxxx 2
bxxxxxxxxxxxxxxxxxxxxxxxxxxxxxxxx -
b00000000000000000000000xxxxxxxxx >
bxxxxxxxxxxxxxxxxxxxxxxxxxxxxxxxx /
bxxxxxx X
xO
x;
xN
bxxxxxxxxxxxxxxxxxxxxxxxxxxxxxxxx Q
bxxxxxxxxxxxxxxxxxxxxxxxxxxxxxxxx 3
#9353000
b00000000001000011000000110110011 E
b00000000001000011000000110110011 ,
b00011 J
b00010 K
b00011 L
b0110011 R
b0000000 S
b000 T
b10 U
b00 9
08
06
1W
b000 :
15
07
0<
b00000000000000000000000000000010 .
b00000000000000000000000000010010 =
b00000000000000000000000000000010 2
b00000000000000000000000000001010 -
b00000000000000000000000000010100 >
b00000000000000000000000000000010 3
b00000000000000000000000000001100 Q
b00000000000000000000000000001100 /
b001100 X
0O
0;
0N
b00000000000000000000000000001100 4
#9400000
0!
0)
b00000000000000000000000000010100 ?
b00000000000000000000000000010100 +
b000101 C
b00000000000000000000000000010110 =
b00000000000000000000000000011000 1
b00000000000000000000000000011000 >
b00000000000000000000000000001100 -
b00000000000000000000000000001110 Q
b00000000000000000000000000001110 /
b001110 X
b00000000000000000000000000001110 4
#9450000
1!
1)
b000101 H
b001110 \
b00000000000000000000000000000010 ]
#9451000
bxxxxxxxxxxxxxxxxxxxxxxxxxxxxxxxx E
bxxxxxxxxxxxxxxxxxxxxxxxxxxxxxxxx ,
bxxxxx J
bxxxxx K
bxxxxx L
bxxxxxxx R
bxxxxxxx S
bxxx T
bxx U
bxx 9
x8
x6
xW
bxxx :
bxxxxxxxxxxxxxxxxxxxxxxxxxxxxxxxx .
b00000000000000000000000xxxxxxxxx =
x5
bxxxxxxxxxxxxxxxxxxxxxxxxxxxxxxxx 4
x7
x<
bxxxxxxxxxxxxxxxxxxxxxxxxxxxxxxxx 2
bxxxxxxxxxxxxxxxxxxxxxxxxxxxxxxxx -
bxxxxxxxxxxxxxxxxxxxxxxxxxxxxxxxx /
bxxxxxx X
xO
x;
bxxxxxxxxxxxxxxxxxxxxxxxxxxxxxxxx Q
bxxxxxxxxxxxxxxxxxxxxxxxxxxxxxxxx 3
b00000000000000000000000xxxxxxxxx >
xN
#9453000
b00000000000100100000001000010011 E
b00000000000100100000001000010011 ,
b00100 J
b00001 K
b00100 L
b0010011 R
b0000000 S
b000 T
b00 U
b00 9
08
06
1W
b000 :
15
17
0<
b00000000000000000000000000000001 .
b00000000000000000000000000010101 =
b00000000000000000000000000001100 2
b00000000000000000000000000000101 -
b00000000000000000000000000011000 >
b00000000000000000000000000000001 3
b00000000000000000000000000000110 Q
b00000000000000000000000000000110 /
b000110 X
0O
0;
0N
b00000000000000000000000000000110 4
#9500000
0!
0)
b00000000000000000000000000011000 ?
b00000000000000000000000000011000 +
b000110 C
b00000000000000000000000000011001 =
b00000000000000000000000000011100 1
b00000000000000000000000000011100 >
b00000000000000000000000000000110 -
b00000000000000000000000000000111 Q
b00000000000000000000000000000111 /
b000111 X
b00000000000000000000000000000111 4
#9550000
1!
1)
b000110 H
b000111 \
b00000000000000000000000000001100 ]
#9551000
bxxxxxxxxxxxxxxxxxxxxxxxxxxxxxxxx E
bxxxxxxxxxxxxxxxxxxxxxxxxxxxxxxxx ,
bxxxxx J
bxxxxx K
bxxxxx L
bxxxxxxx R
bxxxxxxx S
bxxx T
bxx U
bxx 9
x8
x6
xW
bxxx :
bxxxxxxxxxxxxxxxxxxxxxxxxxxxxxxxx .
b00000000000000000000000xxxxxxxxx =
x5
bxxxxxxxxxxxxxxxxxxxxxxxxxxxxxxxx 4
x7
x<
bxxxxxxxxxxxxxxxxxxxxxxxxxxxxxxxx 2
bxxxxxxxxxxxxxxxxxxxxxxxxxxxxxxxx -
bxxxxxxxxxxxxxxxxxxxxxxxxxxxxxxxx /
bxxxxxx X
xO
x;
bxxxxxxxxxxxxxxxxxxxxxxxxxxxxxxxx Q
bxxxxxxxxxxxxxxxxxxxxxxxxxxxxxxxx 3
b00000000000000000000000xxxxxxxxx >
xN
#9553000
b11111110000100100001110011100011 E
b11111110000100100001110011100011 ,
b00100 J
b00001 K
b11001 L
b1100011 R
b1111111 S
b001 T
b01 U
b10 9
08
06
1W
b001 :
b00000000000000000001011111111000 .
b00000000000000000000000000010000 =
05
07
b00000000000000000000000000001100 2
b00000000000000000000000000000110 -
b0000000000000000000000000001xx00 >
b00000000000000000000000000001100 3
0N
b11111111111111111111111111111010 Q
b11111111111111111111111111111010 /
b111010 X
1O
0;
1<
b11111111111111111111111111111010 4
b00000000000000000000000000010000 >
#9600000
0!
0)
b00000000000000000000000000010000 ?
b00000000000000000000000000010000 +
b000100 C
b00000000000000000000000000001000 =
b00000000000000000000000000010100 1
b00000000000000000000000000001000 >
#9650000
1!
1)
b000100 H
b111010 \
#9651000
bxxxxxxxxxxxxxxxxxxxxxxxxxxxxxxxx E
bxxxxxxxxxxxxxxxxxxxxxxxxxxxxxxxx ,
bxxxxx J
bxxxxx K
bxxxxx L
bxxxxxxx R
bxxxxxxx S
bxxx T
bxx U
bxx 9
x8
x6
xW
x<
bxxx :
bxxxxxxxxxxxxxxxxxxxxxxxxxxxxxxxx .
b00000000000000000000000xxxxxxxxx =
x5
bxxxxxxxxxxxxxxxxxxxxxxxxxxxxxxxx 4
x7
bxxxxxxxxxxxxxxxxxxxxxxxxxxxxxxxx 2
bxxxxxxxxxxxxxxxxxxxxxxxxxxxxxxxx -
b00000000000000000000000xxxxxxxxx >
bxxxxxxxxxxxxxxxxxxxxxxxxxxxxxxxx /
bxxxxxx X
xO
x;
xN
bxxxxxxxxxxxxxxxxxxxxxxxxxxxxxxxx Q
bxxxxxxxxxxxxxxxxxxxxxxxxxxxxxxxx 3
#9653000
b00000000001000011000000110110011 E
b00000000001000011000000110110011 ,
b00011 J
b00010 K
b00011 L
b0110011 R
b0000000 S
b000 T
b10 U
b00 9
08
06
1W
b000 :
15
07
0<
b00000000000000000000000000000010 .
b00000000000000000000000000010010 =
b00000000000000000000000000000010 2
b00000000000000000000000000001100 -
b00000000000000000000000000010100 >
b00000000000000000000000000000010 3
b00000000000000000000000000001110 Q
b00000000000000000000000000001110 /
b001110 X
0O
0;
0N
b00000000000000000000000000001110 4
#9700000
0!
0)
b00000000000000000000000000010100 ?
b00000000000000000000000000010100 +
b000101 C
b00000000000000000000000000010110 =
b00000000000000000000000000011000 1
b00000000000000000000000000011000 >
b00000000000000000000000000001110 -
b00000000000000000000000000010000 Q
b00000000000000000000000000010000 /
b010000 X
b00000000000000000000000000010000 4
#9750000
1!
1)
b000101 H
b010000 \
b00000000000000000000000000000010 ]
#9751000
bxxxxxxxxxxxxxxxxxxxxxxxxxxxxxxxx E
bxxxxxxxxxxxxxxxxxxxxxxxxxxxxxxxx ,
bxxxxx J
bxxxxx K
bxxxxx L
bxxxxxxx R
bxxxxxxx S
bxxx T
bxx U
bxx 9
x8
x6
xW
bxxx :
bxxxxxxxxxxxxxxxxxxxxxxxxxxxxxxxx .
b00000000000000000000000xxxxxxxxx =
x5
bxxxxxxxxxxxxxxxxxxxxxxxxxxxxxxxx 4
x7
x<
bxxxxxxxxxxxxxxxxxxxxxxxxxxxxxxxx 2
bxxxxxxxxxxxxxxxxxxxxxxxxxxxxxxxx -
bxxxxxxxxxxxxxxxxxxxxxxxxxxxxxxxx /
bxxxxxx X
xO
x;
bxxxxxxxxxxxxxxxxxxxxxxxxxxxxxxxx Q
bxxxxxxxxxxxxxxxxxxxxxxxxxxxxxxxx 3
b00000000000000000000000xxxxxxxxx >
xN
#9753000
b00000000000100100000001000010011 E
b00000000000100100000001000010011 ,
b00100 J
b00001 K
b00100 L
b0010011 R
b0000000 S
b000 T
b00 U
b00 9
08
06
1W
b000 :
15
17
0<
b00000000000000000000000000000001 .
b00000000000000000000000000010101 =
b00000000000000000000000000001100 2
b00000000000000000000000000000110 -
b00000000000000000000000000011000 >
b00000000000000000000000000000001 3
b00000000000000000000000000000111 Q
b00000000000000000000000000000111 /
b000111 X
0O
0;
0N
b00000000000000000000000000000111 4
#9800000
0!
0)
b00000000000000000000000000011000 ?
b00000000000000000000000000011000 +
b000110 C
b00000000000000000000000000011001 =
b00000000000000000000000000011100 1
b00000000000000000000000000011100 >
b00000000000000000000000000000111 -
b00000000000000000000000000001000 Q
b00000000000000000000000000001000 /
b001000 X
b00000000000000000000000000001000 4
#9850000
1!
1)
b000110 H
b001000 \
b00000000000000000000000000001100 ]
#9851000
bxxxxxxxxxxxxxxxxxxxxxxxxxxxxxxxx E
bxxxxxxxxxxxxxxxxxxxxxxxxxxxxxxxx ,
bxxxxx J
bxxxxx K
bxxxxx L
bxxxxxxx R
bxxxxxxx S
bxxx T
bxx U
bxx 9
x8
x6
xW
bxxx :
bxxxxxxxxxxxxxxxxxxxxxxxxxxxxxxxx .
b00000000000000000000000xxxxxxxxx =
x5
bxxxxxxxxxxxxxxxxxxxxxxxxxxxxxxxx 4
x7
x<
bxxxxxxxxxxxxxxxxxxxxxxxxxxxxxxxx 2
bxxxxxxxxxxxxxxxxxxxxxxxxxxxxxxxx -
bxxxxxxxxxxxxxxxxxxxxxxxxxxxxxxxx /
bxxxxxx X
xO
x;
bxxxxxxxxxxxxxxxxxxxxxxxxxxxxxxxx Q
bxxxxxxxxxxxxxxxxxxxxxxxxxxxxxxxx 3
b00000000000000000000000xxxxxxxxx >
xN
#9853000
b11111110000100100001110011100011 E
b11111110000100100001110011100011 ,
b00100 J
b00001 K
b11001 L
b1100011 R
b1111111 S
b001 T
b01 U
b10 9
08
06
1W
b001 :
b00000000000000000001011111111000 .
b00000000000000000000000000010000 =
05
07
b00000000000000000000000000001100 2
b00000000000000000000000000000111 -
b0000000000000000000000000001xx00 >
b00000000000000000000000000001100 3
0N
b11111111111111111111111111111011 Q
b11111111111111111111111111111011 /
b111011 X
1O
0;
1<
b11111111111111111111111111111011 4
b00000000000000000000000000010000 >
#9900000
0!
0)
b00000000000000000000000000010000 ?
b00000000000000000000000000010000 +
b000100 C
b00000000000000000000000000001000 =
b00000000000000000000000000010100 1
b00000000000000000000000000001000 >
#9950000
1!
1)
b000100 H
b111011 \
#9951000
bxxxxxxxxxxxxxxxxxxxxxxxxxxxxxxxx E
bxxxxxxxxxxxxxxxxxxxxxxxxxxxxxxxx ,
bxxxxx J
bxxxxx K
bxxxxx L
bxxxxxxx R
bxxxxxxx S
bxxx T
bxx U
bxx 9
x8
x6
xW
x<
bxxx :
bxxxxxxxxxxxxxxxxxxxxxxxxxxxxxxxx .
b00000000000000000000000xxxxxxxxx =
x5
bxxxxxxxxxxxxxxxxxxxxxxxxxxxxxxxx 4
x7
bxxxxxxxxxxxxxxxxxxxxxxxxxxxxxxxx 2
bxxxxxxxxxxxxxxxxxxxxxxxxxxxxxxxx -
b00000000000000000000000xxxxxxxxx >
bxxxxxxxxxxxxxxxxxxxxxxxxxxxxxxxx /
bxxxxxx X
xO
x;
xN
bxxxxxxxxxxxxxxxxxxxxxxxxxxxxxxxx Q
bxxxxxxxxxxxxxxxxxxxxxxxxxxxxxxxx 3
#9953000
b00000000001000011000000110110011 E
b00000000001000011000000110110011 ,
b00011 J
b00010 K
b00011 L
b0110011 R
b0000000 S
b000 T
b10 U
b00 9
08
06
1W
b000 :
15
07
0<
b00000000000000000000000000000010 .
b00000000000000000000000000010010 =
b00000000000000000000000000000010 2
b00000000000000000000000000001110 -
b00000000000000000000000000010100 >
b00000000000000000000000000000010 3
b00000000000000000000000000010000 Q
b00000000000000000000000000010000 /
b010000 X
0O
0;
0N
b00000000000000000000000000010000 4
#10000000
0!
0)
b00000000000000000000000000010100 ?
b00000000000000000000000000010100 +
b000101 C
b00000000000000000000000000010110 =
b00000000000000000000000000011000 1
b00000000000000000000000000011000 >
b00000000000000000000000000010000 -
b00000000000000000000000000010010 Q
b00000000000000000000000000010010 /
b010010 X
b00000000000000000000000000010010 4
#10050000
1!
1)
b000101 H
b010010 \
b00000000000000000000000000000010 ]
#10051000
bxxxxxxxxxxxxxxxxxxxxxxxxxxxxxxxx E
bxxxxxxxxxxxxxxxxxxxxxxxxxxxxxxxx ,
bxxxxx J
bxxxxx K
bxxxxx L
bxxxxxxx R
bxxxxxxx S
bxxx T
bxx U
bxx 9
x8
x6
xW
bxxx :
bxxxxxxxxxxxxxxxxxxxxxxxxxxxxxxxx .
b00000000000000000000000xxxxxxxxx =
x5
bxxxxxxxxxxxxxxxxxxxxxxxxxxxxxxxx 4
x7
x<
bxxxxxxxxxxxxxxxxxxxxxxxxxxxxxxxx 2
bxxxxxxxxxxxxxxxxxxxxxxxxxxxxxxxx -
bxxxxxxxxxxxxxxxxxxxxxxxxxxxxxxxx /
bxxxxxx X
xO
x;
bxxxxxxxxxxxxxxxxxxxxxxxxxxxxxxxx Q
bxxxxxxxxxxxxxxxxxxxxxxxxxxxxxxxx 3
b00000000000000000000000xxxxxxxxx >
xN
#10053000
b00000000000100100000001000010011 E
b00000000000100100000001000010011 ,
b00100 J
b00001 K
b00100 L
b0010011 R
b0000000 S
b000 T
b00 U
b00 9
08
06
1W
b000 :
15
17
0<
b00000000000000000000000000000001 .
b00000000000000000000000000010101 =
b00000000000000000000000000001100 2
b00000000000000000000000000000111 -
b00000000000000000000000000011000 >
b00000000000000000000000000000001 3
b00000000000000000000000000001000 Q
b00000000000000000000000000001000 /
b001000 X
0O
0;
0N
b00000000000000000000000000001000 4
#10100000
0!
0)
b00000000000000000000000000011000 ?
b00000000000000000000000000011000 +
b000110 C
b00000000000000000000000000011001 =
b00000000000000000000000000011100 1
b00000000000000000000000000011100 >
b00000000000000000000000000001000 -
b00000000000000000000000000001001 Q
b00000000000000000000000000001001 /
b001001 X
b00000000000000000000000000001001 4
#10150000
1!
1)
b000110 H
b001001 \
b00000000000000000000000000001100 ]
#10151000
bxxxxxxxxxxxxxxxxxxxxxxxxxxxxxxxx E
bxxxxxxxxxxxxxxxxxxxxxxxxxxxxxxxx ,
bxxxxx J
bxxxxx K
bxxxxx L
bxxxxxxx R
bxxxxxxx S
bxxx T
bxx U
bxx 9
x8
x6
xW
bxxx :
bxxxxxxxxxxxxxxxxxxxxxxxxxxxxxxxx .
b00000000000000000000000xxxxxxxxx =
x5
bxxxxxxxxxxxxxxxxxxxxxxxxxxxxxxxx 4
x7
x<
bxxxxxxxxxxxxxxxxxxxxxxxxxxxxxxxx 2
bxxxxxxxxxxxxxxxxxxxxxxxxxxxxxxxx -
bxxxxxxxxxxxxxxxxxxxxxxxxxxxxxxxx /
bxxxxxx X
xO
x;
bxxxxxxxxxxxxxxxxxxxxxxxxxxxxxxxx Q
bxxxxxxxxxxxxxxxxxxxxxxxxxxxxxxxx 3
b00000000000000000000000xxxxxxxxx >
xN
#10153000
b11111110000100100001110011100011 E
b11111110000100100001110011100011 ,
b00100 J
b00001 K
b11001 L
b1100011 R
b1111111 S
b001 T
b01 U
b10 9
08
06
1W
b001 :
b00000000000000000001011111111000 .
b00000000000000000000000000010000 =
05
07
b00000000000000000000000000001100 2
b00000000000000000000000000001000 -
b0000000000000000000000000001xx00 >
b00000000000000000000000000001100 3
0N
b11111111111111111111111111111100 Q
b11111111111111111111111111111100 /
b111100 X
1O
0;
1<
b11111111111111111111111111111100 4
b00000000000000000000000000010000 >
#10200000
0!
0)
b00000000000000000000000000010000 ?
b00000000000000000000000000010000 +
b000100 C
b00000000000000000000000000001000 =
b00000000000000000000000000010100 1
b00000000000000000000000000001000 >
#10250000
1!
1)
b000100 H
b111100 \
#10251000
bxxxxxxxxxxxxxxxxxxxxxxxxxxxxxxxx E
bxxxxxxxxxxxxxxxxxxxxxxxxxxxxxxxx ,
bxxxxx J
bxxxxx K
bxxxxx L
bxxxxxxx R
bxxxxxxx S
bxxx T
bxx U
bxx 9
x8
x6
xW
x<
bxxx :
bxxxxxxxxxxxxxxxxxxxxxxxxxxxxxxxx .
b00000000000000000000000xxxxxxxxx =
x5
bxxxxxxxxxxxxxxxxxxxxxxxxxxxxxxxx 4
x7
bxxxxxxxxxxxxxxxxxxxxxxxxxxxxxxxx 2
bxxxxxxxxxxxxxxxxxxxxxxxxxxxxxxxx -
b00000000000000000000000xxxxxxxxx >
bxxxxxxxxxxxxxxxxxxxxxxxxxxxxxxxx /
bxxxxxx X
xO
x;
xN
bxxxxxxxxxxxxxxxxxxxxxxxxxxxxxxxx Q
bxxxxxxxxxxxxxxxxxxxxxxxxxxxxxxxx 3
#10253000
b00000000001000011000000110110011 E
b00000000001000011000000110110011 ,
b00011 J
b00010 K
b00011 L
b0110011 R
b0000000 S
b000 T
b10 U
b00 9
08
06
1W
b000 :
15
07
0<
b00000000000000000000000000000010 .
b00000000000000000000000000010010 =
b00000000000000000000000000000010 2
b00000000000000000000000000010000 -
b00000000000000000000000000010100 >
b00000000000000000000000000000010 3
b00000000000000000000000000010010 Q
b00000000000000000000000000010010 /
b010010 X
0O
0;
0N
b00000000000000000000000000010010 4
#10300000
0!
0)
b00000000000000000000000000010100 ?
b00000000000000000000000000010100 +
b000101 C
b00000000000000000000000000010110 =
b00000000000000000000000000011000 1
b00000000000000000000000000011000 >
b00000000000000000000000000010010 -
b00000000000000000000000000010100 Q
b00000000000000000000000000010100 /
b010100 X
b00000000000000000000000000010100 4
#10350000
1!
1)
b000101 H
b010100 \
b00000000000000000000000000000010 ]
#10351000
bxxxxxxxxxxxxxxxxxxxxxxxxxxxxxxxx E
bxxxxxxxxxxxxxxxxxxxxxxxxxxxxxxxx ,
bxxxxx J
bxxxxx K
bxxxxx L
bxxxxxxx R
bxxxxxxx S
bxxx T
bxx U
bxx 9
x8
x6
xW
bxxx :
bxxxxxxxxxxxxxxxxxxxxxxxxxxxxxxxx .
b00000000000000000000000xxxxxxxxx =
x5
bxxxxxxxxxxxxxxxxxxxxxxxxxxxxxxxx 4
x7
x<
bxxxxxxxxxxxxxxxxxxxxxxxxxxxxxxxx 2
bxxxxxxxxxxxxxxxxxxxxxxxxxxxxxxxx -
bxxxxxxxxxxxxxxxxxxxxxxxxxxxxxxxx /
bxxxxxx X
xO
x;
bxxxxxxxxxxxxxxxxxxxxxxxxxxxxxxxx Q
bxxxxxxxxxxxxxxxxxxxxxxxxxxxxxxxx 3
b00000000000000000000000xxxxxxxxx >
xN
#10353000
b00000000000100100000001000010011 E
b00000000000100100000001000010011 ,
b00100 J
b00001 K
b00100 L
b0010011 R
b0000000 S
b000 T
b00 U
b00 9
08
06
1W
b000 :
15
17
0<
b00000000000000000000000000000001 .
b00000000000000000000000000010101 =
b00000000000000000000000000001100 2
b00000000000000000000000000001000 -
b00000000000000000000000000011000 >
b00000000000000000000000000000001 3
b00000000000000000000000000001001 Q
b00000000000000000000000000001001 /
b001001 X
0O
0;
0N
b00000000000000000000000000001001 4
#10400000
0!
0)
b00000000000000000000000000011000 ?
b00000000000000000000000000011000 +
b000110 C
b00000000000000000000000000011001 =
b00000000000000000000000000011100 1
b00000000000000000000000000011100 >
b00000000000000000000000000001001 -
b00000000000000000000000000001010 Q
b00000000000000000000000000001010 /
b001010 X
b00000000000000000000000000001010 4
#10450000
1!
1)
b000110 H
b001010 \
b00000000000000000000000000001100 ]
#10451000
bxxxxxxxxxxxxxxxxxxxxxxxxxxxxxxxx E
bxxxxxxxxxxxxxxxxxxxxxxxxxxxxxxxx ,
bxxxxx J
bxxxxx K
bxxxxx L
bxxxxxxx R
bxxxxxxx S
bxxx T
bxx U
bxx 9
x8
x6
xW
bxxx :
bxxxxxxxxxxxxxxxxxxxxxxxxxxxxxxxx .
b00000000000000000000000xxxxxxxxx =
x5
bxxxxxxxxxxxxxxxxxxxxxxxxxxxxxxxx 4
x7
x<
bxxxxxxxxxxxxxxxxxxxxxxxxxxxxxxxx 2
bxxxxxxxxxxxxxxxxxxxxxxxxxxxxxxxx -
bxxxxxxxxxxxxxxxxxxxxxxxxxxxxxxxx /
bxxxxxx X
xO
x;
bxxxxxxxxxxxxxxxxxxxxxxxxxxxxxxxx Q
bxxxxxxxxxxxxxxxxxxxxxxxxxxxxxxxx 3
b00000000000000000000000xxxxxxxxx >
xN
#10453000
b11111110000100100001110011100011 E
b11111110000100100001110011100011 ,
b00100 J
b00001 K
b11001 L
b1100011 R
b1111111 S
b001 T
b01 U
b10 9
08
06
1W
b001 :
b00000000000000000001011111111000 .
b00000000000000000000000000010000 =
05
07
b00000000000000000000000000001100 2
b00000000000000000000000000001001 -
b0000000000000000000000000001xx00 >
b00000000000000000000000000001100 3
0N
b11111111111111111111111111111101 Q
b11111111111111111111111111111101 /
b111101 X
1O
0;
1<
b11111111111111111111111111111101 4
b00000000000000000000000000010000 >
#10500000
0!
0)
b00000000000000000000000000010000 ?
b00000000000000000000000000010000 +
b000100 C
b00000000000000000000000000001000 =
b00000000000000000000000000010100 1
b00000000000000000000000000001000 >
#10550000
1!
1)
b000100 H
b111101 \
#10551000
bxxxxxxxxxxxxxxxxxxxxxxxxxxxxxxxx E
bxxxxxxxxxxxxxxxxxxxxxxxxxxxxxxxx ,
bxxxxx J
bxxxxx K
bxxxxx L
bxxxxxxx R
bxxxxxxx S
bxxx T
bxx U
bxx 9
x8
x6
xW
x<
bxxx :
bxxxxxxxxxxxxxxxxxxxxxxxxxxxxxxxx .
b00000000000000000000000xxxxxxxxx =
x5
bxxxxxxxxxxxxxxxxxxxxxxxxxxxxxxxx 4
x7
bxxxxxxxxxxxxxxxxxxxxxxxxxxxxxxxx 2
bxxxxxxxxxxxxxxxxxxxxxxxxxxxxxxxx -
b00000000000000000000000xxxxxxxxx >
bxxxxxxxxxxxxxxxxxxxxxxxxxxxxxxxx /
bxxxxxx X
xO
x;
xN
bxxxxxxxxxxxxxxxxxxxxxxxxxxxxxxxx Q
bxxxxxxxxxxxxxxxxxxxxxxxxxxxxxxxx 3
#10553000
b00000000001000011000000110110011 E
b00000000001000011000000110110011 ,
b00011 J
b00010 K
b00011 L
b0110011 R
b0000000 S
b000 T
b10 U
b00 9
08
06
1W
b000 :
15
07
0<
b00000000000000000000000000000010 .
b00000000000000000000000000010010 =
b00000000000000000000000000000010 2
b00000000000000000000000000010010 -
b00000000000000000000000000010100 >
b00000000000000000000000000000010 3
b00000000000000000000000000010100 Q
b00000000000000000000000000010100 /
b010100 X
0O
0;
0N
b00000000000000000000000000010100 4
#10600000
0!
0)
b00000000000000000000000000010100 ?
b00000000000000000000000000010100 +
b000101 C
b00000000000000000000000000010110 =
b00000000000000000000000000011000 1
b00000000000000000000000000011000 >
b00000000000000000000000000010100 -
b00000000000000000000000000010110 Q
b00000000000000000000000000010110 /
b010110 X
b00000000000000000000000000010110 4
#10650000
1!
1)
b000101 H
b010110 \
b00000000000000000000000000000010 ]
#10651000
bxxxxxxxxxxxxxxxxxxxxxxxxxxxxxxxx E
bxxxxxxxxxxxxxxxxxxxxxxxxxxxxxxxx ,
bxxxxx J
bxxxxx K
bxxxxx L
bxxxxxxx R
bxxxxxxx S
bxxx T
bxx U
bxx 9
x8
x6
xW
bxxx :
bxxxxxxxxxxxxxxxxxxxxxxxxxxxxxxxx .
b00000000000000000000000xxxxxxxxx =
x5
bxxxxxxxxxxxxxxxxxxxxxxxxxxxxxxxx 4
x7
x<
bxxxxxxxxxxxxxxxxxxxxxxxxxxxxxxxx 2
bxxxxxxxxxxxxxxxxxxxxxxxxxxxxxxxx -
bxxxxxxxxxxxxxxxxxxxxxxxxxxxxxxxx /
bxxxxxx X
xO
x;
bxxxxxxxxxxxxxxxxxxxxxxxxxxxxxxxx Q
bxxxxxxxxxxxxxxxxxxxxxxxxxxxxxxxx 3
b00000000000000000000000xxxxxxxxx >
xN
#10653000
b00000000000100100000001000010011 E
b00000000000100100000001000010011 ,
b00100 J
b00001 K
b00100 L
b0010011 R
b0000000 S
b000 T
b00 U
b00 9
08
06
1W
b000 :
15
17
0<
b00000000000000000000000000000001 .
b00000000000000000000000000010101 =
b00000000000000000000000000001100 2
b00000000000000000000000000001001 -
b00000000000000000000000000011000 >
b00000000000000000000000000000001 3
b00000000000000000000000000001010 Q
b00000000000000000000000000001010 /
b001010 X
0O
0;
0N
b00000000000000000000000000001010 4
#10700000
0!
0)
b00000000000000000000000000011000 ?
b00000000000000000000000000011000 +
b000110 C
b00000000000000000000000000011001 =
b00000000000000000000000000011100 1
b00000000000000000000000000011100 >
b00000000000000000000000000001010 -
b00000000000000000000000000001011 Q
b00000000000000000000000000001011 /
b001011 X
b00000000000000000000000000001011 4
#10750000
1!
1)
b000110 H
b001011 \
b00000000000000000000000000001100 ]
#10751000
bxxxxxxxxxxxxxxxxxxxxxxxxxxxxxxxx E
bxxxxxxxxxxxxxxxxxxxxxxxxxxxxxxxx ,
bxxxxx J
bxxxxx K
bxxxxx L
bxxxxxxx R
bxxxxxxx S
bxxx T
bxx U
bxx 9
x8
x6
xW
bxxx :
bxxxxxxxxxxxxxxxxxxxxxxxxxxxxxxxx .
b00000000000000000000000xxxxxxxxx =
x5
bxxxxxxxxxxxxxxxxxxxxxxxxxxxxxxxx 4
x7
x<
bxxxxxxxxxxxxxxxxxxxxxxxxxxxxxxxx 2
bxxxxxxxxxxxxxxxxxxxxxxxxxxxxxxxx -
bxxxxxxxxxxxxxxxxxxxxxxxxxxxxxxxx /
bxxxxxx X
xO
x;
bxxxxxxxxxxxxxxxxxxxxxxxxxxxxxxxx Q
bxxxxxxxxxxxxxxxxxxxxxxxxxxxxxxxx 3
b00000000000000000000000xxxxxxxxx >
xN
#10753000
b11111110000100100001110011100011 E
b11111110000100100001110011100011 ,
b00100 J
b00001 K
b11001 L
b1100011 R
b1111111 S
b001 T
b01 U
b10 9
08
06
1W
b001 :
b00000000000000000001011111111000 .
b00000000000000000000000000010000 =
05
07
b00000000000000000000000000001100 2
b00000000000000000000000000001010 -
b0000000000000000000000000001xx00 >
b00000000000000000000000000001100 3
0N
b11111111111111111111111111111110 Q
b11111111111111111111111111111110 /
b111110 X
1O
0;
1<
b11111111111111111111111111111110 4
b00000000000000000000000000010000 >
#10800000
0!
0)
b00000000000000000000000000010000 ?
b00000000000000000000000000010000 +
b000100 C
b00000000000000000000000000001000 =
b00000000000000000000000000010100 1
b00000000000000000000000000001000 >
#10850000
1!
1)
b000100 H
b111110 \
#10851000
bxxxxxxxxxxxxxxxxxxxxxxxxxxxxxxxx E
bxxxxxxxxxxxxxxxxxxxxxxxxxxxxxxxx ,
bxxxxx J
bxxxxx K
bxxxxx L
bxxxxxxx R
bxxxxxxx S
bxxx T
bxx U
bxx 9
x8
x6
xW
x<
bxxx :
bxxxxxxxxxxxxxxxxxxxxxxxxxxxxxxxx .
b00000000000000000000000xxxxxxxxx =
x5
bxxxxxxxxxxxxxxxxxxxxxxxxxxxxxxxx 4
x7
bxxxxxxxxxxxxxxxxxxxxxxxxxxxxxxxx 2
bxxxxxxxxxxxxxxxxxxxxxxxxxxxxxxxx -
b00000000000000000000000xxxxxxxxx >
bxxxxxxxxxxxxxxxxxxxxxxxxxxxxxxxx /
bxxxxxx X
xO
x;
xN
bxxxxxxxxxxxxxxxxxxxxxxxxxxxxxxxx Q
bxxxxxxxxxxxxxxxxxxxxxxxxxxxxxxxx 3
#10853000
b00000000001000011000000110110011 E
b00000000001000011000000110110011 ,
b00011 J
b00010 K
b00011 L
b0110011 R
b0000000 S
b000 T
b10 U
b00 9
08
06
1W
b000 :
15
07
0<
b00000000000000000000000000000010 .
b00000000000000000000000000010010 =
b00000000000000000000000000000010 2
b00000000000000000000000000010100 -
b00000000000000000000000000010100 >
b00000000000000000000000000000010 3
b00000000000000000000000000010110 Q
b00000000000000000000000000010110 /
b010110 X
0O
0;
0N
b00000000000000000000000000010110 4
#10900000
0!
0)
b00000000000000000000000000010100 ?
b00000000000000000000000000010100 +
b000101 C
b00000000000000000000000000010110 =
b00000000000000000000000000011000 1
b00000000000000000000000000011000 >
b00000000000000000000000000010110 -
b00000000000000000000000000011000 Q
b00000000000000000000000000011000 /
b011000 X
b00000000000000000000000000011000 4
#10950000
1!
1)
b000101 H
b011000 \
b00000000000000000000000000000010 ]
#10951000
bxxxxxxxxxxxxxxxxxxxxxxxxxxxxxxxx E
bxxxxxxxxxxxxxxxxxxxxxxxxxxxxxxxx ,
bxxxxx J
bxxxxx K
bxxxxx L
bxxxxxxx R
bxxxxxxx S
bxxx T
bxx U
bxx 9
x8
x6
xW
bxxx :
bxxxxxxxxxxxxxxxxxxxxxxxxxxxxxxxx .
b00000000000000000000000xxxxxxxxx =
x5
bxxxxxxxxxxxxxxxxxxxxxxxxxxxxxxxx 4
x7
x<
bxxxxxxxxxxxxxxxxxxxxxxxxxxxxxxxx 2
bxxxxxxxxxxxxxxxxxxxxxxxxxxxxxxxx -
bxxxxxxxxxxxxxxxxxxxxxxxxxxxxxxxx /
bxxxxxx X
xO
x;
bxxxxxxxxxxxxxxxxxxxxxxxxxxxxxxxx Q
bxxxxxxxxxxxxxxxxxxxxxxxxxxxxxxxx 3
b00000000000000000000000xxxxxxxxx >
xN
#10953000
b00000000000100100000001000010011 E
b00000000000100100000001000010011 ,
b00100 J
b00001 K
b00100 L
b0010011 R
b0000000 S
b000 T
b00 U
b00 9
08
06
1W
b000 :
15
17
0<
b00000000000000000000000000000001 .
b00000000000000000000000000010101 =
b00000000000000000000000000001100 2
b00000000000000000000000000001010 -
b00000000000000000000000000011000 >
b00000000000000000000000000000001 3
b00000000000000000000000000001011 Q
b00000000000000000000000000001011 /
b001011 X
0O
0;
0N
b00000000000000000000000000001011 4
#11000000
0!
0)
b00000000000000000000000000011000 ?
b00000000000000000000000000011000 +
b000110 C
b00000000000000000000000000011001 =
b00000000000000000000000000011100 1
b00000000000000000000000000011100 >
b00000000000000000000000000001011 -
b00000000000000000000000000001100 Q
b00000000000000000000000000001100 /
b001100 X
b00000000000000000000000000001100 4
#11050000
1!
1)
b000110 H
b001100 \
b00000000000000000000000000001100 ]
#11051000
bxxxxxxxxxxxxxxxxxxxxxxxxxxxxxxxx E
bxxxxxxxxxxxxxxxxxxxxxxxxxxxxxxxx ,
bxxxxx J
bxxxxx K
bxxxxx L
bxxxxxxx R
bxxxxxxx S
bxxx T
bxx U
bxx 9
x8
x6
xW
bxxx :
bxxxxxxxxxxxxxxxxxxxxxxxxxxxxxxxx .
b00000000000000000000000xxxxxxxxx =
x5
bxxxxxxxxxxxxxxxxxxxxxxxxxxxxxxxx 4
x7
x<
bxxxxxxxxxxxxxxxxxxxxxxxxxxxxxxxx 2
bxxxxxxxxxxxxxxxxxxxxxxxxxxxxxxxx -
bxxxxxxxxxxxxxxxxxxxxxxxxxxxxxxxx /
bxxxxxx X
xO
x;
bxxxxxxxxxxxxxxxxxxxxxxxxxxxxxxxx Q
bxxxxxxxxxxxxxxxxxxxxxxxxxxxxxxxx 3
b00000000000000000000000xxxxxxxxx >
xN
#11053000
b11111110000100100001110011100011 E
b11111110000100100001110011100011 ,
b00100 J
b00001 K
b11001 L
b1100011 R
b1111111 S
b001 T
b01 U
b10 9
08
06
1W
b001 :
b00000000000000000001011111111000 .
b00000000000000000000000000010000 =
05
07
b00000000000000000000000000001100 2
b00000000000000000000000000001011 -
b0000000000000000000000000001xx00 >
b00000000000000000000000000001100 3
0N
b11111111111111111111111111111111 Q
b11111111111111111111111111111111 /
b111111 X
1O
0;
1<
b11111111111111111111111111111111 4
b00000000000000000000000000010000 >
#11100000
0!
0)
b00000000000000000000000000010000 ?
b00000000000000000000000000010000 +
b000100 C
b00000000000000000000000000001000 =
b00000000000000000000000000010100 1
b00000000000000000000000000001000 >
#11150000
1!
1)
b000100 H
b111111 \
#11151000
bxxxxxxxxxxxxxxxxxxxxxxxxxxxxxxxx E
bxxxxxxxxxxxxxxxxxxxxxxxxxxxxxxxx ,
bxxxxx J
bxxxxx K
bxxxxx L
bxxxxxxx R
bxxxxxxx S
bxxx T
bxx U
bxx 9
x8
x6
xW
x<
bxxx :
bxxxxxxxxxxxxxxxxxxxxxxxxxxxxxxxx .
b00000000000000000000000xxxxxxxxx =
x5
bxxxxxxxxxxxxxxxxxxxxxxxxxxxxxxxx 4
x7
bxxxxxxxxxxxxxxxxxxxxxxxxxxxxxxxx 2
bxxxxxxxxxxxxxxxxxxxxxxxxxxxxxxxx -
b00000000000000000000000xxxxxxxxx >
bxxxxxxxxxxxxxxxxxxxxxxxxxxxxxxxx /
bxxxxxx X
xO
x;
xN
bxxxxxxxxxxxxxxxxxxxxxxxxxxxxxxxx Q
bxxxxxxxxxxxxxxxxxxxxxxxxxxxxxxxx 3
#11153000
b00000000001000011000000110110011 E
b00000000001000011000000110110011 ,
b00011 J
b00010 K
b00011 L
b0110011 R
b0000000 S
b000 T
b10 U
b00 9
08
06
1W
b000 :
15
07
0<
b00000000000000000000000000000010 .
b00000000000000000000000000010010 =
b00000000000000000000000000000010 2
b00000000000000000000000000010110 -
b00000000000000000000000000010100 >
b00000000000000000000000000000010 3
b00000000000000000000000000011000 Q
b00000000000000000000000000011000 /
b011000 X
0O
0;
0N
b00000000000000000000000000011000 4
#11200000
0!
0)
b00000000000000000000000000010100 ?
b00000000000000000000000000010100 +
b000101 C
b00000000000000000000000000010110 =
b00000000000000000000000000011000 1
b00000000000000000000000000011000 >
b00000000000000000000000000011000 -
b00000000000000000000000000011010 Q
b00000000000000000000000000011010 /
b011010 X
b00000000000000000000000000011010 4
#11250000
1!
1)
b000101 H
b011010 \
b00000000000000000000000000000010 ]
#11251000
bxxxxxxxxxxxxxxxxxxxxxxxxxxxxxxxx E
bxxxxxxxxxxxxxxxxxxxxxxxxxxxxxxxx ,
bxxxxx J
bxxxxx K
bxxxxx L
bxxxxxxx R
bxxxxxxx S
bxxx T
bxx U
bxx 9
x8
x6
xW
bxxx :
bxxxxxxxxxxxxxxxxxxxxxxxxxxxxxxxx .
b00000000000000000000000xxxxxxxxx =
x5
bxxxxxxxxxxxxxxxxxxxxxxxxxxxxxxxx 4
x7
x<
bxxxxxxxxxxxxxxxxxxxxxxxxxxxxxxxx 2
bxxxxxxxxxxxxxxxxxxxxxxxxxxxxxxxx -
bxxxxxxxxxxxxxxxxxxxxxxxxxxxxxxxx /
bxxxxxx X
xO
x;
bxxxxxxxxxxxxxxxxxxxxxxxxxxxxxxxx Q
bxxxxxxxxxxxxxxxxxxxxxxxxxxxxxxxx 3
b00000000000000000000000xxxxxxxxx >
xN
#11253000
b00000000000100100000001000010011 E
b00000000000100100000001000010011 ,
b00100 J
b00001 K
b00100 L
b0010011 R
b0000000 S
b000 T
b00 U
b00 9
08
06
1W
b000 :
15
17
0<
b00000000000000000000000000000001 .
b00000000000000000000000000010101 =
b00000000000000000000000000001100 2
b00000000000000000000000000001011 -
b00000000000000000000000000011000 >
b00000000000000000000000000000001 3
b00000000000000000000000000001100 Q
b00000000000000000000000000001100 /
b001100 X
0O
0;
0N
b00000000000000000000000000001100 4
#11300000
0!
0)
b00000000000000000000000000011000 ?
b00000000000000000000000000011000 +
b000110 C
b00000000000000000000000000011001 =
b00000000000000000000000000011100 1
b00000000000000000000000000011100 >
b00000000000000000000000000001100 -
b00000000000000000000000000001101 Q
b00000000000000000000000000001101 /
b001101 X
b00000000000000000000000000001101 4
#11350000
1!
1)
b000110 H
b001101 \
b00000000000000000000000000001100 ]
#11351000
bxxxxxxxxxxxxxxxxxxxxxxxxxxxxxxxx E
bxxxxxxxxxxxxxxxxxxxxxxxxxxxxxxxx ,
bxxxxx J
bxxxxx K
bxxxxx L
bxxxxxxx R
bxxxxxxx S
bxxx T
bxx U
bxx 9
x8
x6
xW
bxxx :
bxxxxxxxxxxxxxxxxxxxxxxxxxxxxxxxx .
b00000000000000000000000xxxxxxxxx =
x5
bxxxxxxxxxxxxxxxxxxxxxxxxxxxxxxxx 4
x7
x<
bxxxxxxxxxxxxxxxxxxxxxxxxxxxxxxxx 2
bxxxxxxxxxxxxxxxxxxxxxxxxxxxxxxxx -
bxxxxxxxxxxxxxxxxxxxxxxxxxxxxxxxx /
bxxxxxx X
xO
x;
bxxxxxxxxxxxxxxxxxxxxxxxxxxxxxxxx Q
bxxxxxxxxxxxxxxxxxxxxxxxxxxxxxxxx 3
b00000000000000000000000xxxxxxxxx >
xN
#11353000
b11111110000100100001110011100011 E
b11111110000100100001110011100011 ,
b00100 J
b00001 K
b11001 L
b1100011 R
b1111111 S
b001 T
b01 U
b10 9
08
06
1W
b001 :
b00000000000000000001011111111000 .
b00000000000000000000000000010000 =
05
07
b00000000000000000000000000001100 2
b00000000000000000000000000001100 -
b0000000000000000000000000001xx00 >
b00000000000000000000000000001100 3
0N
b00000000000000000000000000000000 Q
b00000000000000000000000000000000 /
b000000 X
0O
1;
0<
b00000000000000000000000000000000 4
b00000000000000000000000000011100 >
#11400000
0!
0)
b00000000000000000000000000011100 ?
b00000000000000000000000000011100 +
b000111 C
b00000000000000000000000000010100 =
b00000000000000000000000000100000 1
b00000000000000000000000000100000 >
#11450000
1!
1)
b000111 H
b000000 \
#11451000
bxxxxxxxxxxxxxxxxxxxxxxxxxxxxxxxx E
bxxxxxxxxxxxxxxxxxxxxxxxxxxxxxxxx ,
bxxxxx J
bxxxxx K
bxxxxx L
bxxxxxxx R
bxxxxxxx S
bxxx T
bxx U
bxx 9
x8
x6
xW
x<
bxxx :
bxxxxxxxxxxxxxxxxxxxxxxxxxxxxxxxx .
b00000000000000000000000xxxxxxxxx =
x5
bxxxxxxxxxxxxxxxxxxxxxxxxxxxxxxxx 4
x7
bxxxxxxxxxxxxxxxxxxxxxxxxxxxxxxxx 2
bxxxxxxxxxxxxxxxxxxxxxxxxxxxxxxxx -
b00000000000000000000000xxxxxxxxx >
bxxxxxxxxxxxxxxxxxxxxxxxxxxxxxxxx /
bxxxxxx X
xO
x;
bxxxxxxxxxxxxxxxxxxxxxxxxxxxxxxxx Q
bxxxxxxxxxxxxxxxxxxxxxxxxxxxxxxxx 3
xN
#11500000
0!
0)
b00000000000000000000000xxxxxxxxx ?
b00000000000000000000000xxxxxxxxx +
bxxxxxx C
b00000000000000000000000xxxxxxxxx 1
#11550000
1!
1)
bxxxxxx H
x[
bxxxxxx \
bxxxxxxxxxxxxxxxxxxxxxxxxxxxxxxxx ]
#11600000
0!
0)
#11650000
1!
1)
#11700000
0!
0)
#11750000
1!
1)
#11800000
0!
0)
#11850000
1!
1)
#11900000
0!
0)
#11950000
1!
1)
#12000000
0!
0)
#12050000
1!
1)
#12100000
0!
0)
#12150000
1!
1)
#12200000
0!
0)
#12250000
1!
1)
#12300000
0!
0)
#12350000
1!
1)
#12400000
0!
0)
#12450000
1!
1)
#12500000
0!
0)
#12550000
1!
1)
#12600000
b00000000000000000000000000011000 %
b00000000000000000000000000011000 &
b00000011 '
