*design* DebussyLib (btIdent Verdi_T-2022.06-SP2)
Command arguments:  -lib  simv.daidir/work  -saveLevel  -elab  simv.daidir/kdb  -simflow  -simdir  simv.daidir/kdb_libs  -topfile  simv.daidir/.elabcomTopFile  -ssv  -ssy  -Lf  work  +disable_message+C00388+C00389  -SNPS_ELABCOM  -saveElab 

*Error* view GTECH_NOT is not defined for instance I_0
"Single_Cycle_Top_syn.v", 6006: 

*Error* view \**SEQGEN** is not defined for instance \PC_reg[31]
"Single_Cycle_Top_syn.v", 16: 

*Error* view \**SEQGEN** is not defined for instance \PC_reg[30]
"Single_Cycle_Top_syn.v", 20: 

*Error* view \**SEQGEN** is not defined for instance \PC_reg[29]
"Single_Cycle_Top_syn.v", 24: 

*Error* view \**SEQGEN** is not defined for instance \PC_reg[28]
"Single_Cycle_Top_syn.v", 28: 

*Error* view \**SEQGEN** is not defined for instance \PC_reg[27]
"Single_Cycle_Top_syn.v", 32: 

*Error* view \**SEQGEN** is not defined for instance \PC_reg[26]
"Single_Cycle_Top_syn.v", 36: 

*Error* view \**SEQGEN** is not defined for instance \PC_reg[25]
"Single_Cycle_Top_syn.v", 40: 

*Error* view \**SEQGEN** is not defined for instance \PC_reg[24]
"Single_Cycle_Top_syn.v", 44: 

*Error* view \**SEQGEN** is not defined for instance \PC_reg[23]
"Single_Cycle_Top_syn.v", 48: 

*Error* view \**SEQGEN** is not defined for instance \PC_reg[22]
"Single_Cycle_Top_syn.v", 52: 

*Error* view \**SEQGEN** is not defined for instance \PC_reg[21]
"Single_Cycle_Top_syn.v", 56: 

*Error* view \**SEQGEN** is not defined for instance \PC_reg[20]
"Single_Cycle_Top_syn.v", 60: 

*Error* view \**SEQGEN** is not defined for instance \PC_reg[19]
"Single_Cycle_Top_syn.v", 64: 

*Error* view \**SEQGEN** is not defined for instance \PC_reg[18]
"Single_Cycle_Top_syn.v", 68: 

*Error* view \**SEQGEN** is not defined for instance \PC_reg[17]
"Single_Cycle_Top_syn.v", 72: 

*Error* view \**SEQGEN** is not defined for instance \PC_reg[16]
"Single_Cycle_Top_syn.v", 76: 

*Error* view \**SEQGEN** is not defined for instance \PC_reg[15]
"Single_Cycle_Top_syn.v", 80: 

*Error* view \**SEQGEN** is not defined for instance \PC_reg[14]
"Single_Cycle_Top_syn.v", 84: 

*Error* view \**SEQGEN** is not defined for instance \PC_reg[13]
"Single_Cycle_Top_syn.v", 88: 

*Error* view \**SEQGEN** is not defined for instance \PC_reg[12]
"Single_Cycle_Top_syn.v", 92: 

*Error* view \**SEQGEN** is not defined for instance \PC_reg[11]
"Single_Cycle_Top_syn.v", 96: 

*Error* view \**SEQGEN** is not defined for instance \PC_reg[10]
"Single_Cycle_Top_syn.v", 100: 

*Error* view \**SEQGEN** is not defined for instance \PC_reg[9]
"Single_Cycle_Top_syn.v", 104: 

*Error* view \**SEQGEN** is not defined for instance \PC_reg[8]
"Single_Cycle_Top_syn.v", 108: 

*Error* view \**SEQGEN** is not defined for instance \PC_reg[7]
"Single_Cycle_Top_syn.v", 112: 

*Error* view \**SEQGEN** is not defined for instance \PC_reg[6]
"Single_Cycle_Top_syn.v", 116: 

*Error* view \**SEQGEN** is not defined for instance \PC_reg[5]
"Single_Cycle_Top_syn.v", 120: 

*Error* view \**SEQGEN** is not defined for instance \PC_reg[4]
"Single_Cycle_Top_syn.v", 124: 

*Error* view \**SEQGEN** is not defined for instance \PC_reg[3]
"Single_Cycle_Top_syn.v", 128: 

*Error* view \**SEQGEN** is not defined for instance \PC_reg[2]
"Single_Cycle_Top_syn.v", 132: 

*Error* view \**SEQGEN** is not defined for instance \PC_reg[1]
"Single_Cycle_Top_syn.v", 136: 

*Error* view \**SEQGEN** is not defined for instance \PC_reg[0]
"Single_Cycle_Top_syn.v", 140: 

*Error* view SELECT_OP is not defined for instance C43
"Single_Cycle_Top_syn.v", 144: 

*Error* view GTECH_BUF is not defined for instance B_0
"Single_Cycle_Top_syn.v", 150: 

*Error* view GTECH_BUF is not defined for instance B_1
"Single_Cycle_Top_syn.v", 151: 

*Error* view GTECH_NOT is not defined for instance I_0
"Single_Cycle_Top_syn.v", 152: 

*Error* view GTECH_NOT is not defined for instance I_1
"Single_Cycle_Top_syn.v", 153: 

*Error* view ADD_UNS_OP is not defined for instance add_35
"Single_Cycle_Top_syn.v", 186: 

*Error* view ADD_UNS_OP is not defined for instance add_35
"Single_Cycle_Top_syn.v", 5929: 

*Error* view SELECT_OP is not defined for instance C42
"Single_Cycle_Top_syn.v", 197: 

*Error* view GTECH_BUF is not defined for instance B_0
"Single_Cycle_Top_syn.v", 198: 

*Error* view GTECH_BUF is not defined for instance B_1
"Single_Cycle_Top_syn.v", 199: 

*Error* view GTECH_NOT is not defined for instance I_0
"Single_Cycle_Top_syn.v", 200: 

*Error* view \**SEQGEN** is not defined for instance \Register_reg[31][31]
"Single_Cycle_Top_syn.v", 573: 

*Error* view \**SEQGEN** is not defined for instance \Register_reg[31][30]
"Single_Cycle_Top_syn.v", 577: 

*Error* view \**SEQGEN** is not defined for instance \Register_reg[31][29]
"Single_Cycle_Top_syn.v", 581: 

*Error* view \**SEQGEN** is not defined for instance \Register_reg[31][28]
"Single_Cycle_Top_syn.v", 585: 

*Error* view \**SEQGEN** is not defined for instance \Register_reg[31][27]
"Single_Cycle_Top_syn.v", 589: 

*Error* view \**SEQGEN** is not defined for instance \Register_reg[31][26]
"Single_Cycle_Top_syn.v", 593: 

*Error* view \**SEQGEN** is not defined for instance \Register_reg[31][25]
"Single_Cycle_Top_syn.v", 597: 

*Error* view \**SEQGEN** is not defined for instance \Register_reg[31][24]
"Single_Cycle_Top_syn.v", 601: 

*Error* view \**SEQGEN** is not defined for instance \Register_reg[31][23]
"Single_Cycle_Top_syn.v", 605: 

*Error* view \**SEQGEN** is not defined for instance \Register_reg[31][22]
"Single_Cycle_Top_syn.v", 609: 

*Error* view \**SEQGEN** is not defined for instance \Register_reg[31][21]
"Single_Cycle_Top_syn.v", 613: 

*Error* view \**SEQGEN** is not defined for instance \Register_reg[31][20]
"Single_Cycle_Top_syn.v", 617: 

*Error* view \**SEQGEN** is not defined for instance \Register_reg[31][19]
"Single_Cycle_Top_syn.v", 621: 

*Error* view \**SEQGEN** is not defined for instance \Register_reg[31][18]
"Single_Cycle_Top_syn.v", 625: 

*Error* view \**SEQGEN** is not defined for instance \Register_reg[31][17]
"Single_Cycle_Top_syn.v", 629: 

*Error* view \**SEQGEN** is not defined for instance \Register_reg[31][16]
"Single_Cycle_Top_syn.v", 633: 

*Error* view \**SEQGEN** is not defined for instance \Register_reg[31][15]
"Single_Cycle_Top_syn.v", 637: 

*Error* view \**SEQGEN** is not defined for instance \Register_reg[31][14]
"Single_Cycle_Top_syn.v", 641: 

*Error* view \**SEQGEN** is not defined for instance \Register_reg[31][13]
"Single_Cycle_Top_syn.v", 645: 

*Error* view \**SEQGEN** is not defined for instance \Register_reg[31][12]
"Single_Cycle_Top_syn.v", 649: 

*Error* view \**SEQGEN** is not defined for instance \Register_reg[31][11]
"Single_Cycle_Top_syn.v", 653: 

*Error* view \**SEQGEN** is not defined for instance \Register_reg[31][10]
"Single_Cycle_Top_syn.v", 657: 

*Error* view \**SEQGEN** is not defined for instance \Register_reg[31][9]
"Single_Cycle_Top_syn.v", 661: 

*Error* view \**SEQGEN** is not defined for instance \Register_reg[31][8]
"Single_Cycle_Top_syn.v", 665: 

*Error* view \**SEQGEN** is not defined for instance \Register_reg[31][7]
"Single_Cycle_Top_syn.v", 669: 

*Error* view \**SEQGEN** is not defined for instance \Register_reg[31][6]
"Single_Cycle_Top_syn.v", 673: 

*Error* view \**SEQGEN** is not defined for instance \Register_reg[31][5]
"Single_Cycle_Top_syn.v", 677: 

*Error* view \**SEQGEN** is not defined for instance \Register_reg[31][4]
"Single_Cycle_Top_syn.v", 681: 

*Error* view \**SEQGEN** is not defined for instance \Register_reg[31][3]
"Single_Cycle_Top_syn.v", 685: 

*Error* view \**SEQGEN** is not defined for instance \Register_reg[31][2]
"Single_Cycle_Top_syn.v", 689: 

*Error* view \**SEQGEN** is not defined for instance \Register_reg[31][1]
"Single_Cycle_Top_syn.v", 693: 

*Error* view \**SEQGEN** is not defined for instance \Register_reg[31][0]
"Single_Cycle_Top_syn.v", 697: 

*Error* view \**SEQGEN** is not defined for instance \Register_reg[30][31]
"Single_Cycle_Top_syn.v", 701: 

*Error* view \**SEQGEN** is not defined for instance \Register_reg[30][30]
"Single_Cycle_Top_syn.v", 705: 

*Error* view \**SEQGEN** is not defined for instance \Register_reg[30][29]
"Single_Cycle_Top_syn.v", 709: 

*Error* view \**SEQGEN** is not defined for instance \Register_reg[30][28]
"Single_Cycle_Top_syn.v", 713: 

*Error* view \**SEQGEN** is not defined for instance \Register_reg[30][27]
"Single_Cycle_Top_syn.v", 717: 

*Error* view \**SEQGEN** is not defined for instance \Register_reg[30][26]
"Single_Cycle_Top_syn.v", 721: 

*Error* view \**SEQGEN** is not defined for instance \Register_reg[30][25]
"Single_Cycle_Top_syn.v", 725: 

*Error* view \**SEQGEN** is not defined for instance \Register_reg[30][24]
"Single_Cycle_Top_syn.v", 729: 

*Error* view \**SEQGEN** is not defined for instance \Register_reg[30][23]
"Single_Cycle_Top_syn.v", 733: 

*Error* view \**SEQGEN** is not defined for instance \Register_reg[30][22]
"Single_Cycle_Top_syn.v", 737: 

*Error* view \**SEQGEN** is not defined for instance \Register_reg[30][21]
"Single_Cycle_Top_syn.v", 741: 

*Error* view \**SEQGEN** is not defined for instance \Register_reg[30][20]
"Single_Cycle_Top_syn.v", 745: 

*Error* view \**SEQGEN** is not defined for instance \Register_reg[30][19]
"Single_Cycle_Top_syn.v", 749: 

*Error* view \**SEQGEN** is not defined for instance \Register_reg[30][18]
"Single_Cycle_Top_syn.v", 753: 

*Error* view \**SEQGEN** is not defined for instance \Register_reg[30][17]
"Single_Cycle_Top_syn.v", 757: 

*Error* view \**SEQGEN** is not defined for instance \Register_reg[30][16]
"Single_Cycle_Top_syn.v", 761: 

*Error* view \**SEQGEN** is not defined for instance \Register_reg[30][15]
"Single_Cycle_Top_syn.v", 765: 

*Error* view \**SEQGEN** is not defined for instance \Register_reg[30][14]
"Single_Cycle_Top_syn.v", 769: 

*Error* view \**SEQGEN** is not defined for instance \Register_reg[30][13]
"Single_Cycle_Top_syn.v", 773: 

*Error* view \**SEQGEN** is not defined for instance \Register_reg[30][12]
"Single_Cycle_Top_syn.v", 777: 

*Error* view \**SEQGEN** is not defined for instance \Register_reg[30][11]
"Single_Cycle_Top_syn.v", 781: 

*Error* view \**SEQGEN** is not defined for instance \Register_reg[30][10]
"Single_Cycle_Top_syn.v", 785: 

*Error* view \**SEQGEN** is not defined for instance \Register_reg[30][9]
"Single_Cycle_Top_syn.v", 789: 

*Error* view \**SEQGEN** is not defined for instance \Register_reg[30][8]
"Single_Cycle_Top_syn.v", 793: 

*Error* view \**SEQGEN** is not defined for instance \Register_reg[30][7]
"Single_Cycle_Top_syn.v", 797: 

*Error* view \**SEQGEN** is not defined for instance \Register_reg[30][6]
"Single_Cycle_Top_syn.v", 801: 

*Error* view \**SEQGEN** is not defined for instance \Register_reg[30][5]
"Single_Cycle_Top_syn.v", 805: 

*Error* view \**SEQGEN** is not defined for instance \Register_reg[30][4]
"Single_Cycle_Top_syn.v", 809: 

*Error* view \**SEQGEN** is not defined for instance \Register_reg[30][3]
"Single_Cycle_Top_syn.v", 813: 

*Error* view \**SEQGEN** is not defined for instance \Register_reg[30][2]
"Single_Cycle_Top_syn.v", 817: 

*Error* view \**SEQGEN** is not defined for instance \Register_reg[30][1]
"Single_Cycle_Top_syn.v", 821: 

*Error* view \**SEQGEN** is not defined for instance \Register_reg[30][0]
"Single_Cycle_Top_syn.v", 825: 

*Error* view \**SEQGEN** is not defined for instance \Register_reg[29][31]
"Single_Cycle_Top_syn.v", 829: 

*Error* view \**SEQGEN** is not defined for instance \Register_reg[29][30]
"Single_Cycle_Top_syn.v", 833: 

*Error* view \**SEQGEN** is not defined for instance \Register_reg[29][29]
"Single_Cycle_Top_syn.v", 837: 

*Error* view \**SEQGEN** is not defined for instance \Register_reg[29][28]
"Single_Cycle_Top_syn.v", 841: 

*Error* view \**SEQGEN** is not defined for instance \Register_reg[29][27]
"Single_Cycle_Top_syn.v", 845: 

*Error* view \**SEQGEN** is not defined for instance \Register_reg[29][26]
"Single_Cycle_Top_syn.v", 849: 

*Error* view \**SEQGEN** is not defined for instance \Register_reg[29][25]
"Single_Cycle_Top_syn.v", 853: 

*Error* view \**SEQGEN** is not defined for instance \Register_reg[29][24]
"Single_Cycle_Top_syn.v", 857: 

*Error* view \**SEQGEN** is not defined for instance \Register_reg[29][23]
"Single_Cycle_Top_syn.v", 861: 

*Error* view \**SEQGEN** is not defined for instance \Register_reg[29][22]
"Single_Cycle_Top_syn.v", 865: 

*Error* view \**SEQGEN** is not defined for instance \Register_reg[29][21]
"Single_Cycle_Top_syn.v", 869: 

*Error* view \**SEQGEN** is not defined for instance \Register_reg[29][20]
"Single_Cycle_Top_syn.v", 873: 

*Error* view \**SEQGEN** is not defined for instance \Register_reg[29][19]
"Single_Cycle_Top_syn.v", 877: 

*Error* view \**SEQGEN** is not defined for instance \Register_reg[29][18]
"Single_Cycle_Top_syn.v", 881: 

*Error* view \**SEQGEN** is not defined for instance \Register_reg[29][17]
"Single_Cycle_Top_syn.v", 885: 

*Error* view \**SEQGEN** is not defined for instance \Register_reg[29][16]
"Single_Cycle_Top_syn.v", 889: 

*Error* view \**SEQGEN** is not defined for instance \Register_reg[29][15]
"Single_Cycle_Top_syn.v", 893: 

*Error* view \**SEQGEN** is not defined for instance \Register_reg[29][14]
"Single_Cycle_Top_syn.v", 897: 

*Error* view \**SEQGEN** is not defined for instance \Register_reg[29][13]
"Single_Cycle_Top_syn.v", 901: 

*Error* view \**SEQGEN** is not defined for instance \Register_reg[29][12]
"Single_Cycle_Top_syn.v", 905: 

*Error* view \**SEQGEN** is not defined for instance \Register_reg[29][11]
"Single_Cycle_Top_syn.v", 909: 

*Error* view \**SEQGEN** is not defined for instance \Register_reg[29][10]
"Single_Cycle_Top_syn.v", 913: 

*Error* view \**SEQGEN** is not defined for instance \Register_reg[29][9]
"Single_Cycle_Top_syn.v", 917: 

*Error* view \**SEQGEN** is not defined for instance \Register_reg[29][8]
"Single_Cycle_Top_syn.v", 921: 

*Error* view \**SEQGEN** is not defined for instance \Register_reg[29][7]
"Single_Cycle_Top_syn.v", 925: 

*Error* view \**SEQGEN** is not defined for instance \Register_reg[29][6]
"Single_Cycle_Top_syn.v", 929: 

*Error* view \**SEQGEN** is not defined for instance \Register_reg[29][5]
"Single_Cycle_Top_syn.v", 933: 

*Error* view \**SEQGEN** is not defined for instance \Register_reg[29][4]
"Single_Cycle_Top_syn.v", 937: 

*Error* view \**SEQGEN** is not defined for instance \Register_reg[29][3]
"Single_Cycle_Top_syn.v", 941: 

*Error* view \**SEQGEN** is not defined for instance \Register_reg[29][2]
"Single_Cycle_Top_syn.v", 945: 

*Error* view \**SEQGEN** is not defined for instance \Register_reg[29][1]
"Single_Cycle_Top_syn.v", 949: 

*Error* view \**SEQGEN** is not defined for instance \Register_reg[29][0]
"Single_Cycle_Top_syn.v", 953: 

*Error* view \**SEQGEN** is not defined for instance \Register_reg[28][31]
"Single_Cycle_Top_syn.v", 957: 

*Error* view \**SEQGEN** is not defined for instance \Register_reg[28][30]
"Single_Cycle_Top_syn.v", 961: 

*Error* view \**SEQGEN** is not defined for instance \Register_reg[28][29]
"Single_Cycle_Top_syn.v", 965: 

*Error* view \**SEQGEN** is not defined for instance \Register_reg[28][28]
"Single_Cycle_Top_syn.v", 969: 

*Error* view \**SEQGEN** is not defined for instance \Register_reg[28][27]
"Single_Cycle_Top_syn.v", 973: 

*Error* view \**SEQGEN** is not defined for instance \Register_reg[28][26]
"Single_Cycle_Top_syn.v", 977: 

*Error* view \**SEQGEN** is not defined for instance \Register_reg[28][25]
"Single_Cycle_Top_syn.v", 981: 

*Error* view \**SEQGEN** is not defined for instance \Register_reg[28][24]
"Single_Cycle_Top_syn.v", 985: 

*Error* view \**SEQGEN** is not defined for instance \Register_reg[28][23]
"Single_Cycle_Top_syn.v", 989: 

*Error* view \**SEQGEN** is not defined for instance \Register_reg[28][22]
"Single_Cycle_Top_syn.v", 993: 

*Error* view \**SEQGEN** is not defined for instance \Register_reg[28][21]
"Single_Cycle_Top_syn.v", 997: 

*Error* view \**SEQGEN** is not defined for instance \Register_reg[28][20]
"Single_Cycle_Top_syn.v", 1001: 

*Error* view \**SEQGEN** is not defined for instance \Register_reg[28][19]
"Single_Cycle_Top_syn.v", 1005: 

*Error* view \**SEQGEN** is not defined for instance \Register_reg[28][18]
"Single_Cycle_Top_syn.v", 1009: 

*Error* view \**SEQGEN** is not defined for instance \Register_reg[28][17]
"Single_Cycle_Top_syn.v", 1013: 

*Error* view \**SEQGEN** is not defined for instance \Register_reg[28][16]
"Single_Cycle_Top_syn.v", 1017: 

*Error* view \**SEQGEN** is not defined for instance \Register_reg[28][15]
"Single_Cycle_Top_syn.v", 1021: 

*Error* view \**SEQGEN** is not defined for instance \Register_reg[28][14]
"Single_Cycle_Top_syn.v", 1025: 

*Error* view \**SEQGEN** is not defined for instance \Register_reg[28][13]
"Single_Cycle_Top_syn.v", 1029: 

*Error* view \**SEQGEN** is not defined for instance \Register_reg[28][12]
"Single_Cycle_Top_syn.v", 1033: 

*Error* view \**SEQGEN** is not defined for instance \Register_reg[28][11]
"Single_Cycle_Top_syn.v", 1037: 

*Error* view \**SEQGEN** is not defined for instance \Register_reg[28][10]
"Single_Cycle_Top_syn.v", 1041: 

*Error* view \**SEQGEN** is not defined for instance \Register_reg[28][9]
"Single_Cycle_Top_syn.v", 1045: 

*Error* view \**SEQGEN** is not defined for instance \Register_reg[28][8]
"Single_Cycle_Top_syn.v", 1049: 

*Error* view \**SEQGEN** is not defined for instance \Register_reg[28][7]
"Single_Cycle_Top_syn.v", 1053: 

*Error* view \**SEQGEN** is not defined for instance \Register_reg[28][6]
"Single_Cycle_Top_syn.v", 1057: 

*Error* view \**SEQGEN** is not defined for instance \Register_reg[28][5]
"Single_Cycle_Top_syn.v", 1061: 

*Error* view \**SEQGEN** is not defined for instance \Register_reg[28][4]
"Single_Cycle_Top_syn.v", 1065: 

*Error* view \**SEQGEN** is not defined for instance \Register_reg[28][3]
"Single_Cycle_Top_syn.v", 1069: 

*Error* view \**SEQGEN** is not defined for instance \Register_reg[28][2]
"Single_Cycle_Top_syn.v", 1073: 

*Error* view \**SEQGEN** is not defined for instance \Register_reg[28][1]
"Single_Cycle_Top_syn.v", 1077: 

*Error* view \**SEQGEN** is not defined for instance \Register_reg[28][0]
"Single_Cycle_Top_syn.v", 1081: 

*Error* view \**SEQGEN** is not defined for instance \Register_reg[27][31]
"Single_Cycle_Top_syn.v", 1085: 

*Error* view \**SEQGEN** is not defined for instance \Register_reg[27][30]
"Single_Cycle_Top_syn.v", 1089: 

*Error* view \**SEQGEN** is not defined for instance \Register_reg[27][29]
"Single_Cycle_Top_syn.v", 1093: 

*Error* view \**SEQGEN** is not defined for instance \Register_reg[27][28]
"Single_Cycle_Top_syn.v", 1097: 

*Error* view \**SEQGEN** is not defined for instance \Register_reg[27][27]
"Single_Cycle_Top_syn.v", 1101: 

*Error* view \**SEQGEN** is not defined for instance \Register_reg[27][26]
"Single_Cycle_Top_syn.v", 1105: 

*Error* view \**SEQGEN** is not defined for instance \Register_reg[27][25]
"Single_Cycle_Top_syn.v", 1109: 

*Error* view \**SEQGEN** is not defined for instance \Register_reg[27][24]
"Single_Cycle_Top_syn.v", 1113: 

*Error* view \**SEQGEN** is not defined for instance \Register_reg[27][23]
"Single_Cycle_Top_syn.v", 1117: 

*Error* view \**SEQGEN** is not defined for instance \Register_reg[27][22]
"Single_Cycle_Top_syn.v", 1121: 

*Error* view \**SEQGEN** is not defined for instance \Register_reg[27][21]
"Single_Cycle_Top_syn.v", 1125: 

*Error* view \**SEQGEN** is not defined for instance \Register_reg[27][20]
"Single_Cycle_Top_syn.v", 1129: 

*Error* view \**SEQGEN** is not defined for instance \Register_reg[27][19]
"Single_Cycle_Top_syn.v", 1133: 

*Error* view \**SEQGEN** is not defined for instance \Register_reg[27][18]
"Single_Cycle_Top_syn.v", 1137: 

*Error* view \**SEQGEN** is not defined for instance \Register_reg[27][17]
"Single_Cycle_Top_syn.v", 1141: 

*Error* view \**SEQGEN** is not defined for instance \Register_reg[27][16]
"Single_Cycle_Top_syn.v", 1145: 

*Error* view \**SEQGEN** is not defined for instance \Register_reg[27][15]
"Single_Cycle_Top_syn.v", 1149: 

*Error* view \**SEQGEN** is not defined for instance \Register_reg[27][14]
"Single_Cycle_Top_syn.v", 1153: 

*Error* view \**SEQGEN** is not defined for instance \Register_reg[27][13]
"Single_Cycle_Top_syn.v", 1157: 

*Error* view \**SEQGEN** is not defined for instance \Register_reg[27][12]
"Single_Cycle_Top_syn.v", 1161: 

*Error* view \**SEQGEN** is not defined for instance \Register_reg[27][11]
"Single_Cycle_Top_syn.v", 1165: 

*Error* view \**SEQGEN** is not defined for instance \Register_reg[27][10]
"Single_Cycle_Top_syn.v", 1169: 

*Error* view \**SEQGEN** is not defined for instance \Register_reg[27][9]
"Single_Cycle_Top_syn.v", 1173: 

*Error* view \**SEQGEN** is not defined for instance \Register_reg[27][8]
"Single_Cycle_Top_syn.v", 1177: 

*Error* view \**SEQGEN** is not defined for instance \Register_reg[27][7]
"Single_Cycle_Top_syn.v", 1181: 

*Error* view \**SEQGEN** is not defined for instance \Register_reg[27][6]
"Single_Cycle_Top_syn.v", 1185: 

*Error* view \**SEQGEN** is not defined for instance \Register_reg[27][5]
"Single_Cycle_Top_syn.v", 1189: 

*Error* view \**SEQGEN** is not defined for instance \Register_reg[27][4]
"Single_Cycle_Top_syn.v", 1193: 

*Error* view \**SEQGEN** is not defined for instance \Register_reg[27][3]
"Single_Cycle_Top_syn.v", 1197: 

*Error* view \**SEQGEN** is not defined for instance \Register_reg[27][2]
"Single_Cycle_Top_syn.v", 1201: 

*Error* view \**SEQGEN** is not defined for instance \Register_reg[27][1]
"Single_Cycle_Top_syn.v", 1205: 

*Error* view \**SEQGEN** is not defined for instance \Register_reg[27][0]
"Single_Cycle_Top_syn.v", 1209: 

*Error* view \**SEQGEN** is not defined for instance \Register_reg[26][31]
"Single_Cycle_Top_syn.v", 1213: 

*Error* view \**SEQGEN** is not defined for instance \Register_reg[26][30]
"Single_Cycle_Top_syn.v", 1217: 

*Error* view \**SEQGEN** is not defined for instance \Register_reg[26][29]
"Single_Cycle_Top_syn.v", 1221: 

*Error* view \**SEQGEN** is not defined for instance \Register_reg[26][28]
"Single_Cycle_Top_syn.v", 1225: 

*Error* view \**SEQGEN** is not defined for instance \Register_reg[26][27]
"Single_Cycle_Top_syn.v", 1229: 

*Error* view \**SEQGEN** is not defined for instance \Register_reg[26][26]
"Single_Cycle_Top_syn.v", 1233: 

*Error* view \**SEQGEN** is not defined for instance \Register_reg[26][25]
"Single_Cycle_Top_syn.v", 1237: 

*Error* view \**SEQGEN** is not defined for instance \Register_reg[26][24]
"Single_Cycle_Top_syn.v", 1241: 

*Error* view \**SEQGEN** is not defined for instance \Register_reg[26][23]
"Single_Cycle_Top_syn.v", 1245: 

*Error* view \**SEQGEN** is not defined for instance \Register_reg[26][22]
"Single_Cycle_Top_syn.v", 1249: 

*Error* view \**SEQGEN** is not defined for instance \Register_reg[26][21]
"Single_Cycle_Top_syn.v", 1253: 

*Error* view \**SEQGEN** is not defined for instance \Register_reg[26][20]
"Single_Cycle_Top_syn.v", 1257: 

*Error* view \**SEQGEN** is not defined for instance \Register_reg[26][19]
"Single_Cycle_Top_syn.v", 1261: 

*Error* view \**SEQGEN** is not defined for instance \Register_reg[26][18]
"Single_Cycle_Top_syn.v", 1265: 

*Error* view \**SEQGEN** is not defined for instance \Register_reg[26][17]
"Single_Cycle_Top_syn.v", 1269: 

*Error* view \**SEQGEN** is not defined for instance \Register_reg[26][16]
"Single_Cycle_Top_syn.v", 1273: 

*Error* view \**SEQGEN** is not defined for instance \Register_reg[26][15]
"Single_Cycle_Top_syn.v", 1277: 

*Error* view \**SEQGEN** is not defined for instance \Register_reg[26][14]
"Single_Cycle_Top_syn.v", 1281: 

*Error* view \**SEQGEN** is not defined for instance \Register_reg[26][13]
"Single_Cycle_Top_syn.v", 1285: 

*Error* view \**SEQGEN** is not defined for instance \Register_reg[26][12]
"Single_Cycle_Top_syn.v", 1289: 

*Error* view \**SEQGEN** is not defined for instance \Register_reg[26][11]
"Single_Cycle_Top_syn.v", 1293: 

*Error* view \**SEQGEN** is not defined for instance \Register_reg[26][10]
"Single_Cycle_Top_syn.v", 1297: 

*Error* view \**SEQGEN** is not defined for instance \Register_reg[26][9]
"Single_Cycle_Top_syn.v", 1301: 

*Error* view \**SEQGEN** is not defined for instance \Register_reg[26][8]
"Single_Cycle_Top_syn.v", 1305: 

*Error* view \**SEQGEN** is not defined for instance \Register_reg[26][7]
"Single_Cycle_Top_syn.v", 1309: 

*Error* view \**SEQGEN** is not defined for instance \Register_reg[26][6]
"Single_Cycle_Top_syn.v", 1313: 

*Error* view \**SEQGEN** is not defined for instance \Register_reg[26][5]
"Single_Cycle_Top_syn.v", 1317: 

*Error* view \**SEQGEN** is not defined for instance \Register_reg[26][4]
"Single_Cycle_Top_syn.v", 1321: 

*Error* view \**SEQGEN** is not defined for instance \Register_reg[26][3]
"Single_Cycle_Top_syn.v", 1325: 

*Error* view \**SEQGEN** is not defined for instance \Register_reg[26][2]
"Single_Cycle_Top_syn.v", 1329: 

*Error* view \**SEQGEN** is not defined for instance \Register_reg[26][1]
"Single_Cycle_Top_syn.v", 1333: 

*Error* view \**SEQGEN** is not defined for instance \Register_reg[26][0]
"Single_Cycle_Top_syn.v", 1337: 

*Error* view \**SEQGEN** is not defined for instance \Register_reg[25][31]
"Single_Cycle_Top_syn.v", 1341: 

*Error* view \**SEQGEN** is not defined for instance \Register_reg[25][30]
"Single_Cycle_Top_syn.v", 1345: 

*Error* view \**SEQGEN** is not defined for instance \Register_reg[25][29]
"Single_Cycle_Top_syn.v", 1349: 

*Error* view \**SEQGEN** is not defined for instance \Register_reg[25][28]
"Single_Cycle_Top_syn.v", 1353: 

*Error* view \**SEQGEN** is not defined for instance \Register_reg[25][27]
"Single_Cycle_Top_syn.v", 1357: 

*Error* view \**SEQGEN** is not defined for instance \Register_reg[25][26]
"Single_Cycle_Top_syn.v", 1361: 

*Error* view \**SEQGEN** is not defined for instance \Register_reg[25][25]
"Single_Cycle_Top_syn.v", 1365: 

*Error* view \**SEQGEN** is not defined for instance \Register_reg[25][24]
"Single_Cycle_Top_syn.v", 1369: 

*Error* view \**SEQGEN** is not defined for instance \Register_reg[25][23]
"Single_Cycle_Top_syn.v", 1373: 

*Error* view \**SEQGEN** is not defined for instance \Register_reg[25][22]
"Single_Cycle_Top_syn.v", 1377: 

*Error* view \**SEQGEN** is not defined for instance \Register_reg[25][21]
"Single_Cycle_Top_syn.v", 1381: 

*Error* view \**SEQGEN** is not defined for instance \Register_reg[25][20]
"Single_Cycle_Top_syn.v", 1385: 

*Error* view \**SEQGEN** is not defined for instance \Register_reg[25][19]
"Single_Cycle_Top_syn.v", 1389: 

*Error* view \**SEQGEN** is not defined for instance \Register_reg[25][18]
"Single_Cycle_Top_syn.v", 1393: 

*Error* view \**SEQGEN** is not defined for instance \Register_reg[25][17]
"Single_Cycle_Top_syn.v", 1397: 

*Error* view \**SEQGEN** is not defined for instance \Register_reg[25][16]
"Single_Cycle_Top_syn.v", 1401: 

*Error* view \**SEQGEN** is not defined for instance \Register_reg[25][15]
"Single_Cycle_Top_syn.v", 1405: 

*Error* view \**SEQGEN** is not defined for instance \Register_reg[25][14]
"Single_Cycle_Top_syn.v", 1409: 

*Error* view \**SEQGEN** is not defined for instance \Register_reg[25][13]
"Single_Cycle_Top_syn.v", 1413: 

*Error* view \**SEQGEN** is not defined for instance \Register_reg[25][12]
"Single_Cycle_Top_syn.v", 1417: 

*Error* view \**SEQGEN** is not defined for instance \Register_reg[25][11]
"Single_Cycle_Top_syn.v", 1421: 

*Error* view \**SEQGEN** is not defined for instance \Register_reg[25][10]
"Single_Cycle_Top_syn.v", 1425: 

*Error* view \**SEQGEN** is not defined for instance \Register_reg[25][9]
"Single_Cycle_Top_syn.v", 1429: 

*Error* view \**SEQGEN** is not defined for instance \Register_reg[25][8]
"Single_Cycle_Top_syn.v", 1433: 

*Error* view \**SEQGEN** is not defined for instance \Register_reg[25][7]
"Single_Cycle_Top_syn.v", 1437: 

*Error* view \**SEQGEN** is not defined for instance \Register_reg[25][6]
"Single_Cycle_Top_syn.v", 1441: 

*Error* view \**SEQGEN** is not defined for instance \Register_reg[25][5]
"Single_Cycle_Top_syn.v", 1445: 

*Error* view \**SEQGEN** is not defined for instance \Register_reg[25][4]
"Single_Cycle_Top_syn.v", 1449: 

*Error* view \**SEQGEN** is not defined for instance \Register_reg[25][3]
"Single_Cycle_Top_syn.v", 1453: 

*Error* view \**SEQGEN** is not defined for instance \Register_reg[25][2]
"Single_Cycle_Top_syn.v", 1457: 

*Error* view \**SEQGEN** is not defined for instance \Register_reg[25][1]
"Single_Cycle_Top_syn.v", 1461: 

*Error* view \**SEQGEN** is not defined for instance \Register_reg[25][0]
"Single_Cycle_Top_syn.v", 1465: 

*Error* view \**SEQGEN** is not defined for instance \Register_reg[24][31]
"Single_Cycle_Top_syn.v", 1469: 

*Error* view \**SEQGEN** is not defined for instance \Register_reg[24][30]
"Single_Cycle_Top_syn.v", 1473: 

*Error* view \**SEQGEN** is not defined for instance \Register_reg[24][29]
"Single_Cycle_Top_syn.v", 1477: 

*Error* view \**SEQGEN** is not defined for instance \Register_reg[24][28]
"Single_Cycle_Top_syn.v", 1481: 

*Error* view \**SEQGEN** is not defined for instance \Register_reg[24][27]
"Single_Cycle_Top_syn.v", 1485: 

*Error* view \**SEQGEN** is not defined for instance \Register_reg[24][26]
"Single_Cycle_Top_syn.v", 1489: 

*Error* view \**SEQGEN** is not defined for instance \Register_reg[24][25]
"Single_Cycle_Top_syn.v", 1493: 

*Error* view \**SEQGEN** is not defined for instance \Register_reg[24][24]
"Single_Cycle_Top_syn.v", 1497: 

*Error* view \**SEQGEN** is not defined for instance \Register_reg[24][23]
"Single_Cycle_Top_syn.v", 1501: 

*Error* view \**SEQGEN** is not defined for instance \Register_reg[24][22]
"Single_Cycle_Top_syn.v", 1505: 

*Error* view \**SEQGEN** is not defined for instance \Register_reg[24][21]
"Single_Cycle_Top_syn.v", 1509: 

*Error* view \**SEQGEN** is not defined for instance \Register_reg[24][20]
"Single_Cycle_Top_syn.v", 1513: 

*Error* view \**SEQGEN** is not defined for instance \Register_reg[24][19]
"Single_Cycle_Top_syn.v", 1517: 

*Error* view \**SEQGEN** is not defined for instance \Register_reg[24][18]
"Single_Cycle_Top_syn.v", 1521: 

*Error* view \**SEQGEN** is not defined for instance \Register_reg[24][17]
"Single_Cycle_Top_syn.v", 1525: 

*Error* view \**SEQGEN** is not defined for instance \Register_reg[24][16]
"Single_Cycle_Top_syn.v", 1529: 

*Error* view \**SEQGEN** is not defined for instance \Register_reg[24][15]
"Single_Cycle_Top_syn.v", 1533: 

*Error* view \**SEQGEN** is not defined for instance \Register_reg[24][14]
"Single_Cycle_Top_syn.v", 1537: 

*Error* view \**SEQGEN** is not defined for instance \Register_reg[24][13]
"Single_Cycle_Top_syn.v", 1541: 

*Error* view \**SEQGEN** is not defined for instance \Register_reg[24][12]
"Single_Cycle_Top_syn.v", 1545: 

*Error* view \**SEQGEN** is not defined for instance \Register_reg[24][11]
"Single_Cycle_Top_syn.v", 1549: 

*Error* view \**SEQGEN** is not defined for instance \Register_reg[24][10]
"Single_Cycle_Top_syn.v", 1553: 

*Error* view \**SEQGEN** is not defined for instance \Register_reg[24][9]
"Single_Cycle_Top_syn.v", 1557: 

*Error* view \**SEQGEN** is not defined for instance \Register_reg[24][8]
"Single_Cycle_Top_syn.v", 1561: 

*Error* view \**SEQGEN** is not defined for instance \Register_reg[24][7]
"Single_Cycle_Top_syn.v", 1565: 

*Error* view \**SEQGEN** is not defined for instance \Register_reg[24][6]
"Single_Cycle_Top_syn.v", 1569: 

*Error* view \**SEQGEN** is not defined for instance \Register_reg[24][5]
"Single_Cycle_Top_syn.v", 1573: 

*Error* view \**SEQGEN** is not defined for instance \Register_reg[24][4]
"Single_Cycle_Top_syn.v", 1577: 

*Error* view \**SEQGEN** is not defined for instance \Register_reg[24][3]
"Single_Cycle_Top_syn.v", 1581: 

*Error* view \**SEQGEN** is not defined for instance \Register_reg[24][2]
"Single_Cycle_Top_syn.v", 1585: 

*Error* view \**SEQGEN** is not defined for instance \Register_reg[24][1]
"Single_Cycle_Top_syn.v", 1589: 

*Error* view \**SEQGEN** is not defined for instance \Register_reg[24][0]
"Single_Cycle_Top_syn.v", 1593: 

*Error* view \**SEQGEN** is not defined for instance \Register_reg[23][31]
"Single_Cycle_Top_syn.v", 1597: 

*Error* view \**SEQGEN** is not defined for instance \Register_reg[23][30]
"Single_Cycle_Top_syn.v", 1601: 

*Error* view \**SEQGEN** is not defined for instance \Register_reg[23][29]
"Single_Cycle_Top_syn.v", 1605: 

*Error* view \**SEQGEN** is not defined for instance \Register_reg[23][28]
"Single_Cycle_Top_syn.v", 1609: 

*Error* view \**SEQGEN** is not defined for instance \Register_reg[23][27]
"Single_Cycle_Top_syn.v", 1613: 

*Error* view \**SEQGEN** is not defined for instance \Register_reg[23][26]
"Single_Cycle_Top_syn.v", 1617: 

*Error* view \**SEQGEN** is not defined for instance \Register_reg[23][25]
"Single_Cycle_Top_syn.v", 1621: 

*Error* view \**SEQGEN** is not defined for instance \Register_reg[23][24]
"Single_Cycle_Top_syn.v", 1625: 

*Error* view \**SEQGEN** is not defined for instance \Register_reg[23][23]
"Single_Cycle_Top_syn.v", 1629: 

*Error* view \**SEQGEN** is not defined for instance \Register_reg[23][22]
"Single_Cycle_Top_syn.v", 1633: 

*Error* view \**SEQGEN** is not defined for instance \Register_reg[23][21]
"Single_Cycle_Top_syn.v", 1637: 

*Error* view \**SEQGEN** is not defined for instance \Register_reg[23][20]
"Single_Cycle_Top_syn.v", 1641: 

*Error* view \**SEQGEN** is not defined for instance \Register_reg[23][19]
"Single_Cycle_Top_syn.v", 1645: 

*Error* view \**SEQGEN** is not defined for instance \Register_reg[23][18]
"Single_Cycle_Top_syn.v", 1649: 

*Error* view \**SEQGEN** is not defined for instance \Register_reg[23][17]
"Single_Cycle_Top_syn.v", 1653: 

*Error* view \**SEQGEN** is not defined for instance \Register_reg[23][16]
"Single_Cycle_Top_syn.v", 1657: 

*Error* view \**SEQGEN** is not defined for instance \Register_reg[23][15]
"Single_Cycle_Top_syn.v", 1661: 

*Error* view \**SEQGEN** is not defined for instance \Register_reg[23][14]
"Single_Cycle_Top_syn.v", 1665: 

*Error* view \**SEQGEN** is not defined for instance \Register_reg[23][13]
"Single_Cycle_Top_syn.v", 1669: 

*Error* view \**SEQGEN** is not defined for instance \Register_reg[23][12]
"Single_Cycle_Top_syn.v", 1673: 

*Error* view \**SEQGEN** is not defined for instance \Register_reg[23][11]
"Single_Cycle_Top_syn.v", 1677: 

*Error* view \**SEQGEN** is not defined for instance \Register_reg[23][10]
"Single_Cycle_Top_syn.v", 1681: 

*Error* view \**SEQGEN** is not defined for instance \Register_reg[23][9]
"Single_Cycle_Top_syn.v", 1685: 

*Error* view \**SEQGEN** is not defined for instance \Register_reg[23][8]
"Single_Cycle_Top_syn.v", 1689: 

*Error* view \**SEQGEN** is not defined for instance \Register_reg[23][7]
"Single_Cycle_Top_syn.v", 1693: 

*Error* view \**SEQGEN** is not defined for instance \Register_reg[23][6]
"Single_Cycle_Top_syn.v", 1697: 

*Error* view \**SEQGEN** is not defined for instance \Register_reg[23][5]
"Single_Cycle_Top_syn.v", 1701: 

*Error* view \**SEQGEN** is not defined for instance \Register_reg[23][4]
"Single_Cycle_Top_syn.v", 1705: 

*Error* view \**SEQGEN** is not defined for instance \Register_reg[23][3]
"Single_Cycle_Top_syn.v", 1709: 

*Error* view \**SEQGEN** is not defined for instance \Register_reg[23][2]
"Single_Cycle_Top_syn.v", 1713: 

*Error* view \**SEQGEN** is not defined for instance \Register_reg[23][1]
"Single_Cycle_Top_syn.v", 1717: 

*Error* view \**SEQGEN** is not defined for instance \Register_reg[23][0]
"Single_Cycle_Top_syn.v", 1721: 

*Error* view \**SEQGEN** is not defined for instance \Register_reg[22][31]
"Single_Cycle_Top_syn.v", 1725: 

*Error* view \**SEQGEN** is not defined for instance \Register_reg[22][30]
"Single_Cycle_Top_syn.v", 1729: 

*Error* view \**SEQGEN** is not defined for instance \Register_reg[22][29]
"Single_Cycle_Top_syn.v", 1733: 

*Error* view \**SEQGEN** is not defined for instance \Register_reg[22][28]
"Single_Cycle_Top_syn.v", 1737: 

*Error* view \**SEQGEN** is not defined for instance \Register_reg[22][27]
"Single_Cycle_Top_syn.v", 1741: 

*Error* view \**SEQGEN** is not defined for instance \Register_reg[22][26]
"Single_Cycle_Top_syn.v", 1745: 

*Error* view \**SEQGEN** is not defined for instance \Register_reg[22][25]
"Single_Cycle_Top_syn.v", 1749: 

*Error* view \**SEQGEN** is not defined for instance \Register_reg[22][24]
"Single_Cycle_Top_syn.v", 1753: 

*Error* view \**SEQGEN** is not defined for instance \Register_reg[22][23]
"Single_Cycle_Top_syn.v", 1757: 

*Error* view \**SEQGEN** is not defined for instance \Register_reg[22][22]
"Single_Cycle_Top_syn.v", 1761: 

*Error* view \**SEQGEN** is not defined for instance \Register_reg[22][21]
"Single_Cycle_Top_syn.v", 1765: 

*Error* view \**SEQGEN** is not defined for instance \Register_reg[22][20]
"Single_Cycle_Top_syn.v", 1769: 

*Error* view \**SEQGEN** is not defined for instance \Register_reg[22][19]
"Single_Cycle_Top_syn.v", 1773: 

*Error* view \**SEQGEN** is not defined for instance \Register_reg[22][18]
"Single_Cycle_Top_syn.v", 1777: 

*Error* view \**SEQGEN** is not defined for instance \Register_reg[22][17]
"Single_Cycle_Top_syn.v", 1781: 

*Error* view \**SEQGEN** is not defined for instance \Register_reg[22][16]
"Single_Cycle_Top_syn.v", 1785: 

*Error* view \**SEQGEN** is not defined for instance \Register_reg[22][15]
"Single_Cycle_Top_syn.v", 1789: 

*Error* view \**SEQGEN** is not defined for instance \Register_reg[22][14]
"Single_Cycle_Top_syn.v", 1793: 

*Error* view \**SEQGEN** is not defined for instance \Register_reg[22][13]
"Single_Cycle_Top_syn.v", 1797: 

*Error* view \**SEQGEN** is not defined for instance \Register_reg[22][12]
"Single_Cycle_Top_syn.v", 1801: 

*Error* view \**SEQGEN** is not defined for instance \Register_reg[22][11]
"Single_Cycle_Top_syn.v", 1805: 

*Error* view \**SEQGEN** is not defined for instance \Register_reg[22][10]
"Single_Cycle_Top_syn.v", 1809: 

*Error* view \**SEQGEN** is not defined for instance \Register_reg[22][9]
"Single_Cycle_Top_syn.v", 1813: 

*Error* view \**SEQGEN** is not defined for instance \Register_reg[22][8]
"Single_Cycle_Top_syn.v", 1817: 

*Error* view \**SEQGEN** is not defined for instance \Register_reg[22][7]
"Single_Cycle_Top_syn.v", 1821: 

*Error* view \**SEQGEN** is not defined for instance \Register_reg[22][6]
"Single_Cycle_Top_syn.v", 1825: 

*Error* view \**SEQGEN** is not defined for instance \Register_reg[22][5]
"Single_Cycle_Top_syn.v", 1829: 

*Error* view \**SEQGEN** is not defined for instance \Register_reg[22][4]
"Single_Cycle_Top_syn.v", 1833: 

*Error* view \**SEQGEN** is not defined for instance \Register_reg[22][3]
"Single_Cycle_Top_syn.v", 1837: 

*Error* view \**SEQGEN** is not defined for instance \Register_reg[22][2]
"Single_Cycle_Top_syn.v", 1841: 

*Error* view \**SEQGEN** is not defined for instance \Register_reg[22][1]
"Single_Cycle_Top_syn.v", 1845: 

*Error* view \**SEQGEN** is not defined for instance \Register_reg[22][0]
"Single_Cycle_Top_syn.v", 1849: 

*Error* view \**SEQGEN** is not defined for instance \Register_reg[21][31]
"Single_Cycle_Top_syn.v", 1853: 

*Error* view \**SEQGEN** is not defined for instance \Register_reg[21][30]
"Single_Cycle_Top_syn.v", 1857: 

*Error* view \**SEQGEN** is not defined for instance \Register_reg[21][29]
"Single_Cycle_Top_syn.v", 1861: 

*Error* view \**SEQGEN** is not defined for instance \Register_reg[21][28]
"Single_Cycle_Top_syn.v", 1865: 

*Error* view \**SEQGEN** is not defined for instance \Register_reg[21][27]
"Single_Cycle_Top_syn.v", 1869: 

*Error* view \**SEQGEN** is not defined for instance \Register_reg[21][26]
"Single_Cycle_Top_syn.v", 1873: 

*Error* view \**SEQGEN** is not defined for instance \Register_reg[21][25]
"Single_Cycle_Top_syn.v", 1877: 

*Error* view \**SEQGEN** is not defined for instance \Register_reg[21][24]
"Single_Cycle_Top_syn.v", 1881: 

*Error* view \**SEQGEN** is not defined for instance \Register_reg[21][23]
"Single_Cycle_Top_syn.v", 1885: 

*Error* view \**SEQGEN** is not defined for instance \Register_reg[21][22]
"Single_Cycle_Top_syn.v", 1889: 

*Error* view \**SEQGEN** is not defined for instance \Register_reg[21][21]
"Single_Cycle_Top_syn.v", 1893: 

*Error* view \**SEQGEN** is not defined for instance \Register_reg[21][20]
"Single_Cycle_Top_syn.v", 1897: 

*Error* view \**SEQGEN** is not defined for instance \Register_reg[21][19]
"Single_Cycle_Top_syn.v", 1901: 

*Error* view \**SEQGEN** is not defined for instance \Register_reg[21][18]
"Single_Cycle_Top_syn.v", 1905: 

*Error* view \**SEQGEN** is not defined for instance \Register_reg[21][17]
"Single_Cycle_Top_syn.v", 1909: 

*Error* view \**SEQGEN** is not defined for instance \Register_reg[21][16]
"Single_Cycle_Top_syn.v", 1913: 

*Error* view \**SEQGEN** is not defined for instance \Register_reg[21][15]
"Single_Cycle_Top_syn.v", 1917: 

*Error* view \**SEQGEN** is not defined for instance \Register_reg[21][14]
"Single_Cycle_Top_syn.v", 1921: 

*Error* view \**SEQGEN** is not defined for instance \Register_reg[21][13]
"Single_Cycle_Top_syn.v", 1925: 

*Error* view \**SEQGEN** is not defined for instance \Register_reg[21][12]
"Single_Cycle_Top_syn.v", 1929: 

*Error* view \**SEQGEN** is not defined for instance \Register_reg[21][11]
"Single_Cycle_Top_syn.v", 1933: 

*Error* view \**SEQGEN** is not defined for instance \Register_reg[21][10]
"Single_Cycle_Top_syn.v", 1937: 

*Error* view \**SEQGEN** is not defined for instance \Register_reg[21][9]
"Single_Cycle_Top_syn.v", 1941: 

*Error* view \**SEQGEN** is not defined for instance \Register_reg[21][8]
"Single_Cycle_Top_syn.v", 1945: 

*Error* view \**SEQGEN** is not defined for instance \Register_reg[21][7]
"Single_Cycle_Top_syn.v", 1949: 

*Error* view \**SEQGEN** is not defined for instance \Register_reg[21][6]
"Single_Cycle_Top_syn.v", 1953: 

*Error* view \**SEQGEN** is not defined for instance \Register_reg[21][5]
"Single_Cycle_Top_syn.v", 1957: 

*Error* view \**SEQGEN** is not defined for instance \Register_reg[21][4]
"Single_Cycle_Top_syn.v", 1961: 

*Error* view \**SEQGEN** is not defined for instance \Register_reg[21][3]
"Single_Cycle_Top_syn.v", 1965: 

*Error* view \**SEQGEN** is not defined for instance \Register_reg[21][2]
"Single_Cycle_Top_syn.v", 1969: 

*Error* view \**SEQGEN** is not defined for instance \Register_reg[21][1]
"Single_Cycle_Top_syn.v", 1973: 

*Error* view \**SEQGEN** is not defined for instance \Register_reg[21][0]
"Single_Cycle_Top_syn.v", 1977: 

*Error* view \**SEQGEN** is not defined for instance \Register_reg[20][31]
"Single_Cycle_Top_syn.v", 1981: 

*Error* view \**SEQGEN** is not defined for instance \Register_reg[20][30]
"Single_Cycle_Top_syn.v", 1985: 

*Error* view \**SEQGEN** is not defined for instance \Register_reg[20][29]
"Single_Cycle_Top_syn.v", 1989: 

*Error* view \**SEQGEN** is not defined for instance \Register_reg[20][28]
"Single_Cycle_Top_syn.v", 1993: 

*Error* view \**SEQGEN** is not defined for instance \Register_reg[20][27]
"Single_Cycle_Top_syn.v", 1997: 

*Error* view \**SEQGEN** is not defined for instance \Register_reg[20][26]
"Single_Cycle_Top_syn.v", 2001: 

*Error* view \**SEQGEN** is not defined for instance \Register_reg[20][25]
"Single_Cycle_Top_syn.v", 2005: 

*Error* view \**SEQGEN** is not defined for instance \Register_reg[20][24]
"Single_Cycle_Top_syn.v", 2009: 

*Error* view \**SEQGEN** is not defined for instance \Register_reg[20][23]
"Single_Cycle_Top_syn.v", 2013: 

*Error* view \**SEQGEN** is not defined for instance \Register_reg[20][22]
"Single_Cycle_Top_syn.v", 2017: 

*Error* view \**SEQGEN** is not defined for instance \Register_reg[20][21]
"Single_Cycle_Top_syn.v", 2021: 

*Error* view \**SEQGEN** is not defined for instance \Register_reg[20][20]
"Single_Cycle_Top_syn.v", 2025: 

*Error* view \**SEQGEN** is not defined for instance \Register_reg[20][19]
"Single_Cycle_Top_syn.v", 2029: 

*Error* view \**SEQGEN** is not defined for instance \Register_reg[20][18]
"Single_Cycle_Top_syn.v", 2033: 

*Error* view \**SEQGEN** is not defined for instance \Register_reg[20][17]
"Single_Cycle_Top_syn.v", 2037: 

*Error* view \**SEQGEN** is not defined for instance \Register_reg[20][16]
"Single_Cycle_Top_syn.v", 2041: 

*Error* view \**SEQGEN** is not defined for instance \Register_reg[20][15]
"Single_Cycle_Top_syn.v", 2045: 

*Error* view \**SEQGEN** is not defined for instance \Register_reg[20][14]
"Single_Cycle_Top_syn.v", 2049: 

*Error* view \**SEQGEN** is not defined for instance \Register_reg[20][13]
"Single_Cycle_Top_syn.v", 2053: 

*Error* view \**SEQGEN** is not defined for instance \Register_reg[20][12]
"Single_Cycle_Top_syn.v", 2057: 

*Error* view \**SEQGEN** is not defined for instance \Register_reg[20][11]
"Single_Cycle_Top_syn.v", 2061: 

*Error* view \**SEQGEN** is not defined for instance \Register_reg[20][10]
"Single_Cycle_Top_syn.v", 2065: 

*Error* view \**SEQGEN** is not defined for instance \Register_reg[20][9]
"Single_Cycle_Top_syn.v", 2069: 

*Error* view \**SEQGEN** is not defined for instance \Register_reg[20][8]
"Single_Cycle_Top_syn.v", 2073: 

*Error* view \**SEQGEN** is not defined for instance \Register_reg[20][7]
"Single_Cycle_Top_syn.v", 2077: 

*Error* view \**SEQGEN** is not defined for instance \Register_reg[20][6]
"Single_Cycle_Top_syn.v", 2081: 

*Error* view \**SEQGEN** is not defined for instance \Register_reg[20][5]
"Single_Cycle_Top_syn.v", 2085: 

*Error* view \**SEQGEN** is not defined for instance \Register_reg[20][4]
"Single_Cycle_Top_syn.v", 2089: 

*Error* view \**SEQGEN** is not defined for instance \Register_reg[20][3]
"Single_Cycle_Top_syn.v", 2093: 

*Error* view \**SEQGEN** is not defined for instance \Register_reg[20][2]
"Single_Cycle_Top_syn.v", 2097: 

*Error* view \**SEQGEN** is not defined for instance \Register_reg[20][1]
"Single_Cycle_Top_syn.v", 2101: 

*Error* view \**SEQGEN** is not defined for instance \Register_reg[20][0]
"Single_Cycle_Top_syn.v", 2105: 

*Error* view \**SEQGEN** is not defined for instance \Register_reg[19][31]
"Single_Cycle_Top_syn.v", 2109: 

*Error* view \**SEQGEN** is not defined for instance \Register_reg[19][30]
"Single_Cycle_Top_syn.v", 2113: 

*Error* view \**SEQGEN** is not defined for instance \Register_reg[19][29]
"Single_Cycle_Top_syn.v", 2117: 

*Error* view \**SEQGEN** is not defined for instance \Register_reg[19][28]
"Single_Cycle_Top_syn.v", 2121: 

*Error* view \**SEQGEN** is not defined for instance \Register_reg[19][27]
"Single_Cycle_Top_syn.v", 2125: 

*Error* view \**SEQGEN** is not defined for instance \Register_reg[19][26]
"Single_Cycle_Top_syn.v", 2129: 

*Error* view \**SEQGEN** is not defined for instance \Register_reg[19][25]
"Single_Cycle_Top_syn.v", 2133: 

*Error* view \**SEQGEN** is not defined for instance \Register_reg[19][24]
"Single_Cycle_Top_syn.v", 2137: 

*Error* view \**SEQGEN** is not defined for instance \Register_reg[19][23]
"Single_Cycle_Top_syn.v", 2141: 

*Error* view \**SEQGEN** is not defined for instance \Register_reg[19][22]
"Single_Cycle_Top_syn.v", 2145: 

*Error* view \**SEQGEN** is not defined for instance \Register_reg[19][21]
"Single_Cycle_Top_syn.v", 2149: 

*Error* view \**SEQGEN** is not defined for instance \Register_reg[19][20]
"Single_Cycle_Top_syn.v", 2153: 

*Error* view \**SEQGEN** is not defined for instance \Register_reg[19][19]
"Single_Cycle_Top_syn.v", 2157: 

*Error* view \**SEQGEN** is not defined for instance \Register_reg[19][18]
"Single_Cycle_Top_syn.v", 2161: 

*Error* view \**SEQGEN** is not defined for instance \Register_reg[19][17]
"Single_Cycle_Top_syn.v", 2165: 

*Error* view \**SEQGEN** is not defined for instance \Register_reg[19][16]
"Single_Cycle_Top_syn.v", 2169: 

*Error* view \**SEQGEN** is not defined for instance \Register_reg[19][15]
"Single_Cycle_Top_syn.v", 2173: 

*Error* view \**SEQGEN** is not defined for instance \Register_reg[19][14]
"Single_Cycle_Top_syn.v", 2177: 

*Error* view \**SEQGEN** is not defined for instance \Register_reg[19][13]
"Single_Cycle_Top_syn.v", 2181: 

*Error* view \**SEQGEN** is not defined for instance \Register_reg[19][12]
"Single_Cycle_Top_syn.v", 2185: 

*Error* view \**SEQGEN** is not defined for instance \Register_reg[19][11]
"Single_Cycle_Top_syn.v", 2189: 

*Error* view \**SEQGEN** is not defined for instance \Register_reg[19][10]
"Single_Cycle_Top_syn.v", 2193: 

*Error* view \**SEQGEN** is not defined for instance \Register_reg[19][9]
"Single_Cycle_Top_syn.v", 2197: 

*Error* view \**SEQGEN** is not defined for instance \Register_reg[19][8]
"Single_Cycle_Top_syn.v", 2201: 

*Error* view \**SEQGEN** is not defined for instance \Register_reg[19][7]
"Single_Cycle_Top_syn.v", 2205: 

*Error* view \**SEQGEN** is not defined for instance \Register_reg[19][6]
"Single_Cycle_Top_syn.v", 2209: 

*Error* view \**SEQGEN** is not defined for instance \Register_reg[19][5]
"Single_Cycle_Top_syn.v", 2213: 

*Error* view \**SEQGEN** is not defined for instance \Register_reg[19][4]
"Single_Cycle_Top_syn.v", 2217: 

*Error* view \**SEQGEN** is not defined for instance \Register_reg[19][3]
"Single_Cycle_Top_syn.v", 2221: 

*Error* view \**SEQGEN** is not defined for instance \Register_reg[19][2]
"Single_Cycle_Top_syn.v", 2225: 

*Error* view \**SEQGEN** is not defined for instance \Register_reg[19][1]
"Single_Cycle_Top_syn.v", 2229: 

*Error* view \**SEQGEN** is not defined for instance \Register_reg[19][0]
"Single_Cycle_Top_syn.v", 2233: 

*Error* view \**SEQGEN** is not defined for instance \Register_reg[18][31]
"Single_Cycle_Top_syn.v", 2237: 

*Error* view \**SEQGEN** is not defined for instance \Register_reg[18][30]
"Single_Cycle_Top_syn.v", 2241: 

*Error* view \**SEQGEN** is not defined for instance \Register_reg[18][29]
"Single_Cycle_Top_syn.v", 2245: 

*Error* view \**SEQGEN** is not defined for instance \Register_reg[18][28]
"Single_Cycle_Top_syn.v", 2249: 

*Error* view \**SEQGEN** is not defined for instance \Register_reg[18][27]
"Single_Cycle_Top_syn.v", 2253: 

*Error* view \**SEQGEN** is not defined for instance \Register_reg[18][26]
"Single_Cycle_Top_syn.v", 2257: 

*Error* view \**SEQGEN** is not defined for instance \Register_reg[18][25]
"Single_Cycle_Top_syn.v", 2261: 

*Error* view \**SEQGEN** is not defined for instance \Register_reg[18][24]
"Single_Cycle_Top_syn.v", 2265: 

*Error* view \**SEQGEN** is not defined for instance \Register_reg[18][23]
"Single_Cycle_Top_syn.v", 2269: 

*Error* view \**SEQGEN** is not defined for instance \Register_reg[18][22]
"Single_Cycle_Top_syn.v", 2273: 

*Error* view \**SEQGEN** is not defined for instance \Register_reg[18][21]
"Single_Cycle_Top_syn.v", 2277: 

*Error* view \**SEQGEN** is not defined for instance \Register_reg[18][20]
"Single_Cycle_Top_syn.v", 2281: 

*Error* view \**SEQGEN** is not defined for instance \Register_reg[18][19]
"Single_Cycle_Top_syn.v", 2285: 

*Error* view \**SEQGEN** is not defined for instance \Register_reg[18][18]
"Single_Cycle_Top_syn.v", 2289: 

*Error* view \**SEQGEN** is not defined for instance \Register_reg[18][17]
"Single_Cycle_Top_syn.v", 2293: 

*Error* view \**SEQGEN** is not defined for instance \Register_reg[18][16]
"Single_Cycle_Top_syn.v", 2297: 

*Error* view \**SEQGEN** is not defined for instance \Register_reg[18][15]
"Single_Cycle_Top_syn.v", 2301: 

*Error* view \**SEQGEN** is not defined for instance \Register_reg[18][14]
"Single_Cycle_Top_syn.v", 2305: 

*Error* view \**SEQGEN** is not defined for instance \Register_reg[18][13]
"Single_Cycle_Top_syn.v", 2309: 

*Error* view \**SEQGEN** is not defined for instance \Register_reg[18][12]
"Single_Cycle_Top_syn.v", 2313: 

*Error* view \**SEQGEN** is not defined for instance \Register_reg[18][11]
"Single_Cycle_Top_syn.v", 2317: 

*Error* view \**SEQGEN** is not defined for instance \Register_reg[18][10]
"Single_Cycle_Top_syn.v", 2321: 

*Error* view \**SEQGEN** is not defined for instance \Register_reg[18][9]
"Single_Cycle_Top_syn.v", 2325: 

*Error* view \**SEQGEN** is not defined for instance \Register_reg[18][8]
"Single_Cycle_Top_syn.v", 2329: 

*Error* view \**SEQGEN** is not defined for instance \Register_reg[18][7]
"Single_Cycle_Top_syn.v", 2333: 

*Error* view \**SEQGEN** is not defined for instance \Register_reg[18][6]
"Single_Cycle_Top_syn.v", 2337: 

*Error* view \**SEQGEN** is not defined for instance \Register_reg[18][5]
"Single_Cycle_Top_syn.v", 2341: 

*Error* view \**SEQGEN** is not defined for instance \Register_reg[18][4]
"Single_Cycle_Top_syn.v", 2345: 

*Error* view \**SEQGEN** is not defined for instance \Register_reg[18][3]
"Single_Cycle_Top_syn.v", 2349: 

*Error* view \**SEQGEN** is not defined for instance \Register_reg[18][2]
"Single_Cycle_Top_syn.v", 2353: 

*Error* view \**SEQGEN** is not defined for instance \Register_reg[18][1]
"Single_Cycle_Top_syn.v", 2357: 

*Error* view \**SEQGEN** is not defined for instance \Register_reg[18][0]
"Single_Cycle_Top_syn.v", 2361: 

*Error* view \**SEQGEN** is not defined for instance \Register_reg[17][31]
"Single_Cycle_Top_syn.v", 2365: 

*Error* view \**SEQGEN** is not defined for instance \Register_reg[17][30]
"Single_Cycle_Top_syn.v", 2369: 

*Error* view \**SEQGEN** is not defined for instance \Register_reg[17][29]
"Single_Cycle_Top_syn.v", 2373: 

*Error* view \**SEQGEN** is not defined for instance \Register_reg[17][28]
"Single_Cycle_Top_syn.v", 2377: 

*Error* view \**SEQGEN** is not defined for instance \Register_reg[17][27]
"Single_Cycle_Top_syn.v", 2381: 

*Error* view \**SEQGEN** is not defined for instance \Register_reg[17][26]
"Single_Cycle_Top_syn.v", 2385: 

*Error* view \**SEQGEN** is not defined for instance \Register_reg[17][25]
"Single_Cycle_Top_syn.v", 2389: 

*Error* view \**SEQGEN** is not defined for instance \Register_reg[17][24]
"Single_Cycle_Top_syn.v", 2393: 

*Error* view \**SEQGEN** is not defined for instance \Register_reg[17][23]
"Single_Cycle_Top_syn.v", 2397: 

*Error* view \**SEQGEN** is not defined for instance \Register_reg[17][22]
"Single_Cycle_Top_syn.v", 2401: 

*Error* view \**SEQGEN** is not defined for instance \Register_reg[17][21]
"Single_Cycle_Top_syn.v", 2405: 

*Error* view \**SEQGEN** is not defined for instance \Register_reg[17][20]
"Single_Cycle_Top_syn.v", 2409: 

*Error* view \**SEQGEN** is not defined for instance \Register_reg[17][19]
"Single_Cycle_Top_syn.v", 2413: 

*Error* view \**SEQGEN** is not defined for instance \Register_reg[17][18]
"Single_Cycle_Top_syn.v", 2417: 

*Error* view \**SEQGEN** is not defined for instance \Register_reg[17][17]
"Single_Cycle_Top_syn.v", 2421: 

*Error* view \**SEQGEN** is not defined for instance \Register_reg[17][16]
"Single_Cycle_Top_syn.v", 2425: 

*Error* view \**SEQGEN** is not defined for instance \Register_reg[17][15]
"Single_Cycle_Top_syn.v", 2429: 

*Error* view \**SEQGEN** is not defined for instance \Register_reg[17][14]
"Single_Cycle_Top_syn.v", 2433: 

*Error* view \**SEQGEN** is not defined for instance \Register_reg[17][13]
"Single_Cycle_Top_syn.v", 2437: 

*Error* view \**SEQGEN** is not defined for instance \Register_reg[17][12]
"Single_Cycle_Top_syn.v", 2441: 

*Error* view \**SEQGEN** is not defined for instance \Register_reg[17][11]
"Single_Cycle_Top_syn.v", 2445: 

*Error* view \**SEQGEN** is not defined for instance \Register_reg[17][10]
"Single_Cycle_Top_syn.v", 2449: 

*Error* view \**SEQGEN** is not defined for instance \Register_reg[17][9]
"Single_Cycle_Top_syn.v", 2453: 

*Error* view \**SEQGEN** is not defined for instance \Register_reg[17][8]
"Single_Cycle_Top_syn.v", 2457: 

*Error* view \**SEQGEN** is not defined for instance \Register_reg[17][7]
"Single_Cycle_Top_syn.v", 2461: 

*Error* view \**SEQGEN** is not defined for instance \Register_reg[17][6]
"Single_Cycle_Top_syn.v", 2465: 

*Error* view \**SEQGEN** is not defined for instance \Register_reg[17][5]
"Single_Cycle_Top_syn.v", 2469: 

*Error* view \**SEQGEN** is not defined for instance \Register_reg[17][4]
"Single_Cycle_Top_syn.v", 2473: 

*Error* view \**SEQGEN** is not defined for instance \Register_reg[17][3]
"Single_Cycle_Top_syn.v", 2477: 

*Error* view \**SEQGEN** is not defined for instance \Register_reg[17][2]
"Single_Cycle_Top_syn.v", 2481: 

*Error* view \**SEQGEN** is not defined for instance \Register_reg[17][1]
"Single_Cycle_Top_syn.v", 2485: 

*Error* view \**SEQGEN** is not defined for instance \Register_reg[17][0]
"Single_Cycle_Top_syn.v", 2489: 

*Error* view \**SEQGEN** is not defined for instance \Register_reg[16][31]
"Single_Cycle_Top_syn.v", 2493: 

*Error* view \**SEQGEN** is not defined for instance \Register_reg[16][30]
"Single_Cycle_Top_syn.v", 2497: 

*Error* view \**SEQGEN** is not defined for instance \Register_reg[16][29]
"Single_Cycle_Top_syn.v", 2501: 

*Error* view \**SEQGEN** is not defined for instance \Register_reg[16][28]
"Single_Cycle_Top_syn.v", 2505: 

*Error* view \**SEQGEN** is not defined for instance \Register_reg[16][27]
"Single_Cycle_Top_syn.v", 2509: 

*Error* view \**SEQGEN** is not defined for instance \Register_reg[16][26]
"Single_Cycle_Top_syn.v", 2513: 

*Error* view \**SEQGEN** is not defined for instance \Register_reg[16][25]
"Single_Cycle_Top_syn.v", 2517: 

*Error* view \**SEQGEN** is not defined for instance \Register_reg[16][24]
"Single_Cycle_Top_syn.v", 2521: 

*Error* view \**SEQGEN** is not defined for instance \Register_reg[16][23]
"Single_Cycle_Top_syn.v", 2525: 

*Error* view \**SEQGEN** is not defined for instance \Register_reg[16][22]
"Single_Cycle_Top_syn.v", 2529: 

*Error* view \**SEQGEN** is not defined for instance \Register_reg[16][21]
"Single_Cycle_Top_syn.v", 2533: 

*Error* view \**SEQGEN** is not defined for instance \Register_reg[16][20]
"Single_Cycle_Top_syn.v", 2537: 

*Error* view \**SEQGEN** is not defined for instance \Register_reg[16][19]
"Single_Cycle_Top_syn.v", 2541: 

*Error* view \**SEQGEN** is not defined for instance \Register_reg[16][18]
"Single_Cycle_Top_syn.v", 2545: 

*Error* view \**SEQGEN** is not defined for instance \Register_reg[16][17]
"Single_Cycle_Top_syn.v", 2549: 

*Error* view \**SEQGEN** is not defined for instance \Register_reg[16][16]
"Single_Cycle_Top_syn.v", 2553: 

*Error* view \**SEQGEN** is not defined for instance \Register_reg[16][15]
"Single_Cycle_Top_syn.v", 2557: 

*Error* view \**SEQGEN** is not defined for instance \Register_reg[16][14]
"Single_Cycle_Top_syn.v", 2561: 

*Error* view \**SEQGEN** is not defined for instance \Register_reg[16][13]
"Single_Cycle_Top_syn.v", 2565: 

*Error* view \**SEQGEN** is not defined for instance \Register_reg[16][12]
"Single_Cycle_Top_syn.v", 2569: 

*Error* view \**SEQGEN** is not defined for instance \Register_reg[16][11]
"Single_Cycle_Top_syn.v", 2573: 

*Error* view \**SEQGEN** is not defined for instance \Register_reg[16][10]
"Single_Cycle_Top_syn.v", 2577: 

*Error* view \**SEQGEN** is not defined for instance \Register_reg[16][9]
"Single_Cycle_Top_syn.v", 2581: 

*Error* view \**SEQGEN** is not defined for instance \Register_reg[16][8]
"Single_Cycle_Top_syn.v", 2585: 

*Error* view \**SEQGEN** is not defined for instance \Register_reg[16][7]
"Single_Cycle_Top_syn.v", 2589: 

*Error* view \**SEQGEN** is not defined for instance \Register_reg[16][6]
"Single_Cycle_Top_syn.v", 2593: 

*Error* view \**SEQGEN** is not defined for instance \Register_reg[16][5]
"Single_Cycle_Top_syn.v", 2597: 

*Error* view \**SEQGEN** is not defined for instance \Register_reg[16][4]
"Single_Cycle_Top_syn.v", 2601: 

*Error* view \**SEQGEN** is not defined for instance \Register_reg[16][3]
"Single_Cycle_Top_syn.v", 2605: 

*Error* view \**SEQGEN** is not defined for instance \Register_reg[16][2]
"Single_Cycle_Top_syn.v", 2609: 

*Error* view \**SEQGEN** is not defined for instance \Register_reg[16][1]
"Single_Cycle_Top_syn.v", 2613: 

*Error* view \**SEQGEN** is not defined for instance \Register_reg[16][0]
"Single_Cycle_Top_syn.v", 2617: 

*Error* view \**SEQGEN** is not defined for instance \Register_reg[15][31]
"Single_Cycle_Top_syn.v", 2621: 

*Error* view \**SEQGEN** is not defined for instance \Register_reg[15][30]
"Single_Cycle_Top_syn.v", 2625: 

*Error* view \**SEQGEN** is not defined for instance \Register_reg[15][29]
"Single_Cycle_Top_syn.v", 2629: 

*Error* view \**SEQGEN** is not defined for instance \Register_reg[15][28]
"Single_Cycle_Top_syn.v", 2633: 

*Error* view \**SEQGEN** is not defined for instance \Register_reg[15][27]
"Single_Cycle_Top_syn.v", 2637: 

*Error* view \**SEQGEN** is not defined for instance \Register_reg[15][26]
"Single_Cycle_Top_syn.v", 2641: 

*Error* view \**SEQGEN** is not defined for instance \Register_reg[15][25]
"Single_Cycle_Top_syn.v", 2645: 

*Error* view \**SEQGEN** is not defined for instance \Register_reg[15][24]
"Single_Cycle_Top_syn.v", 2649: 

*Error* view \**SEQGEN** is not defined for instance \Register_reg[15][23]
"Single_Cycle_Top_syn.v", 2653: 

*Error* view \**SEQGEN** is not defined for instance \Register_reg[15][22]
"Single_Cycle_Top_syn.v", 2657: 

*Error* view \**SEQGEN** is not defined for instance \Register_reg[15][21]
"Single_Cycle_Top_syn.v", 2661: 

*Error* view \**SEQGEN** is not defined for instance \Register_reg[15][20]
"Single_Cycle_Top_syn.v", 2665: 

*Error* view \**SEQGEN** is not defined for instance \Register_reg[15][19]
"Single_Cycle_Top_syn.v", 2669: 

*Error* view \**SEQGEN** is not defined for instance \Register_reg[15][18]
"Single_Cycle_Top_syn.v", 2673: 

*Error* view \**SEQGEN** is not defined for instance \Register_reg[15][17]
"Single_Cycle_Top_syn.v", 2677: 

*Error* view \**SEQGEN** is not defined for instance \Register_reg[15][16]
"Single_Cycle_Top_syn.v", 2681: 

*Error* view \**SEQGEN** is not defined for instance \Register_reg[15][15]
"Single_Cycle_Top_syn.v", 2685: 

*Error* view \**SEQGEN** is not defined for instance \Register_reg[15][14]
"Single_Cycle_Top_syn.v", 2689: 

*Error* view \**SEQGEN** is not defined for instance \Register_reg[15][13]
"Single_Cycle_Top_syn.v", 2693: 

*Error* view \**SEQGEN** is not defined for instance \Register_reg[15][12]
"Single_Cycle_Top_syn.v", 2697: 

*Error* view \**SEQGEN** is not defined for instance \Register_reg[15][11]
"Single_Cycle_Top_syn.v", 2701: 

*Error* view \**SEQGEN** is not defined for instance \Register_reg[15][10]
"Single_Cycle_Top_syn.v", 2705: 

*Error* view \**SEQGEN** is not defined for instance \Register_reg[15][9]
"Single_Cycle_Top_syn.v", 2709: 

*Error* view \**SEQGEN** is not defined for instance \Register_reg[15][8]
"Single_Cycle_Top_syn.v", 2713: 

*Error* view \**SEQGEN** is not defined for instance \Register_reg[15][7]
"Single_Cycle_Top_syn.v", 2717: 

*Error* view \**SEQGEN** is not defined for instance \Register_reg[15][6]
"Single_Cycle_Top_syn.v", 2721: 

*Error* view \**SEQGEN** is not defined for instance \Register_reg[15][5]
"Single_Cycle_Top_syn.v", 2725: 

*Error* view \**SEQGEN** is not defined for instance \Register_reg[15][4]
"Single_Cycle_Top_syn.v", 2729: 

*Error* view \**SEQGEN** is not defined for instance \Register_reg[15][3]
"Single_Cycle_Top_syn.v", 2733: 

*Error* view \**SEQGEN** is not defined for instance \Register_reg[15][2]
"Single_Cycle_Top_syn.v", 2737: 

*Error* view \**SEQGEN** is not defined for instance \Register_reg[15][1]
"Single_Cycle_Top_syn.v", 2741: 

*Error* view \**SEQGEN** is not defined for instance \Register_reg[15][0]
"Single_Cycle_Top_syn.v", 2745: 

*Error* view \**SEQGEN** is not defined for instance \Register_reg[14][31]
"Single_Cycle_Top_syn.v", 2749: 

*Error* view \**SEQGEN** is not defined for instance \Register_reg[14][30]
"Single_Cycle_Top_syn.v", 2753: 

*Error* view \**SEQGEN** is not defined for instance \Register_reg[14][29]
"Single_Cycle_Top_syn.v", 2757: 

*Error* view \**SEQGEN** is not defined for instance \Register_reg[14][28]
"Single_Cycle_Top_syn.v", 2761: 

*Error* view \**SEQGEN** is not defined for instance \Register_reg[14][27]
"Single_Cycle_Top_syn.v", 2765: 

*Error* view \**SEQGEN** is not defined for instance \Register_reg[14][26]
"Single_Cycle_Top_syn.v", 2769: 

*Error* view \**SEQGEN** is not defined for instance \Register_reg[14][25]
"Single_Cycle_Top_syn.v", 2773: 

*Error* view \**SEQGEN** is not defined for instance \Register_reg[14][24]
"Single_Cycle_Top_syn.v", 2777: 

*Error* view \**SEQGEN** is not defined for instance \Register_reg[14][23]
"Single_Cycle_Top_syn.v", 2781: 

*Error* view \**SEQGEN** is not defined for instance \Register_reg[14][22]
"Single_Cycle_Top_syn.v", 2785: 

*Error* view \**SEQGEN** is not defined for instance \Register_reg[14][21]
"Single_Cycle_Top_syn.v", 2789: 

*Error* view \**SEQGEN** is not defined for instance \Register_reg[14][20]
"Single_Cycle_Top_syn.v", 2793: 

*Error* view \**SEQGEN** is not defined for instance \Register_reg[14][19]
"Single_Cycle_Top_syn.v", 2797: 

*Error* view \**SEQGEN** is not defined for instance \Register_reg[14][18]
"Single_Cycle_Top_syn.v", 2801: 

*Error* view \**SEQGEN** is not defined for instance \Register_reg[14][17]
"Single_Cycle_Top_syn.v", 2805: 

*Error* view \**SEQGEN** is not defined for instance \Register_reg[14][16]
"Single_Cycle_Top_syn.v", 2809: 

*Error* view \**SEQGEN** is not defined for instance \Register_reg[14][15]
"Single_Cycle_Top_syn.v", 2813: 

*Error* view \**SEQGEN** is not defined for instance \Register_reg[14][14]
"Single_Cycle_Top_syn.v", 2817: 

*Error* view \**SEQGEN** is not defined for instance \Register_reg[14][13]
"Single_Cycle_Top_syn.v", 2821: 

*Error* view \**SEQGEN** is not defined for instance \Register_reg[14][12]
"Single_Cycle_Top_syn.v", 2825: 

*Error* view \**SEQGEN** is not defined for instance \Register_reg[14][11]
"Single_Cycle_Top_syn.v", 2829: 

*Error* view \**SEQGEN** is not defined for instance \Register_reg[14][10]
"Single_Cycle_Top_syn.v", 2833: 

*Error* view \**SEQGEN** is not defined for instance \Register_reg[14][9]
"Single_Cycle_Top_syn.v", 2837: 

*Error* view \**SEQGEN** is not defined for instance \Register_reg[14][8]
"Single_Cycle_Top_syn.v", 2841: 

*Error* view \**SEQGEN** is not defined for instance \Register_reg[14][7]
"Single_Cycle_Top_syn.v", 2845: 

*Error* view \**SEQGEN** is not defined for instance \Register_reg[14][6]
"Single_Cycle_Top_syn.v", 2849: 

*Error* view \**SEQGEN** is not defined for instance \Register_reg[14][5]
"Single_Cycle_Top_syn.v", 2853: 

*Error* view \**SEQGEN** is not defined for instance \Register_reg[14][4]
"Single_Cycle_Top_syn.v", 2857: 

*Error* view \**SEQGEN** is not defined for instance \Register_reg[14][3]
"Single_Cycle_Top_syn.v", 2861: 

*Error* view \**SEQGEN** is not defined for instance \Register_reg[14][2]
"Single_Cycle_Top_syn.v", 2865: 

*Error* view \**SEQGEN** is not defined for instance \Register_reg[14][1]
"Single_Cycle_Top_syn.v", 2869: 

*Error* view \**SEQGEN** is not defined for instance \Register_reg[14][0]
"Single_Cycle_Top_syn.v", 2873: 

*Error* view \**SEQGEN** is not defined for instance \Register_reg[13][31]
"Single_Cycle_Top_syn.v", 2877: 

*Error* view \**SEQGEN** is not defined for instance \Register_reg[13][30]
"Single_Cycle_Top_syn.v", 2881: 

*Error* view \**SEQGEN** is not defined for instance \Register_reg[13][29]
"Single_Cycle_Top_syn.v", 2885: 

*Error* view \**SEQGEN** is not defined for instance \Register_reg[13][28]
"Single_Cycle_Top_syn.v", 2889: 

*Error* view \**SEQGEN** is not defined for instance \Register_reg[13][27]
"Single_Cycle_Top_syn.v", 2893: 

*Error* view \**SEQGEN** is not defined for instance \Register_reg[13][26]
"Single_Cycle_Top_syn.v", 2897: 

*Error* view \**SEQGEN** is not defined for instance \Register_reg[13][25]
"Single_Cycle_Top_syn.v", 2901: 

*Error* view \**SEQGEN** is not defined for instance \Register_reg[13][24]
"Single_Cycle_Top_syn.v", 2905: 

*Error* view \**SEQGEN** is not defined for instance \Register_reg[13][23]
"Single_Cycle_Top_syn.v", 2909: 

*Error* view \**SEQGEN** is not defined for instance \Register_reg[13][22]
"Single_Cycle_Top_syn.v", 2913: 

*Error* view \**SEQGEN** is not defined for instance \Register_reg[13][21]
"Single_Cycle_Top_syn.v", 2917: 

*Error* view \**SEQGEN** is not defined for instance \Register_reg[13][20]
"Single_Cycle_Top_syn.v", 2921: 

*Error* view \**SEQGEN** is not defined for instance \Register_reg[13][19]
"Single_Cycle_Top_syn.v", 2925: 

*Error* view \**SEQGEN** is not defined for instance \Register_reg[13][18]
"Single_Cycle_Top_syn.v", 2929: 

*Error* view \**SEQGEN** is not defined for instance \Register_reg[13][17]
"Single_Cycle_Top_syn.v", 2933: 

*Error* view \**SEQGEN** is not defined for instance \Register_reg[13][16]
"Single_Cycle_Top_syn.v", 2937: 

*Error* view \**SEQGEN** is not defined for instance \Register_reg[13][15]
"Single_Cycle_Top_syn.v", 2941: 

*Error* view \**SEQGEN** is not defined for instance \Register_reg[13][14]
"Single_Cycle_Top_syn.v", 2945: 

*Error* view \**SEQGEN** is not defined for instance \Register_reg[13][13]
"Single_Cycle_Top_syn.v", 2949: 

*Error* view \**SEQGEN** is not defined for instance \Register_reg[13][12]
"Single_Cycle_Top_syn.v", 2953: 

*Error* view \**SEQGEN** is not defined for instance \Register_reg[13][11]
"Single_Cycle_Top_syn.v", 2957: 

*Error* view \**SEQGEN** is not defined for instance \Register_reg[13][10]
"Single_Cycle_Top_syn.v", 2961: 

*Error* view \**SEQGEN** is not defined for instance \Register_reg[13][9]
"Single_Cycle_Top_syn.v", 2965: 

*Error* view \**SEQGEN** is not defined for instance \Register_reg[13][8]
"Single_Cycle_Top_syn.v", 2969: 

*Error* view \**SEQGEN** is not defined for instance \Register_reg[13][7]
"Single_Cycle_Top_syn.v", 2973: 

*Error* view \**SEQGEN** is not defined for instance \Register_reg[13][6]
"Single_Cycle_Top_syn.v", 2977: 

*Error* view \**SEQGEN** is not defined for instance \Register_reg[13][5]
"Single_Cycle_Top_syn.v", 2981: 

*Error* view \**SEQGEN** is not defined for instance \Register_reg[13][4]
"Single_Cycle_Top_syn.v", 2985: 

*Error* view \**SEQGEN** is not defined for instance \Register_reg[13][3]
"Single_Cycle_Top_syn.v", 2989: 

*Error* view \**SEQGEN** is not defined for instance \Register_reg[13][2]
"Single_Cycle_Top_syn.v", 2993: 

*Error* view \**SEQGEN** is not defined for instance \Register_reg[13][1]
"Single_Cycle_Top_syn.v", 2997: 

*Error* view \**SEQGEN** is not defined for instance \Register_reg[13][0]
"Single_Cycle_Top_syn.v", 3001: 

*Error* view \**SEQGEN** is not defined for instance \Register_reg[12][31]
"Single_Cycle_Top_syn.v", 3005: 

*Error* view \**SEQGEN** is not defined for instance \Register_reg[12][30]
"Single_Cycle_Top_syn.v", 3009: 

*Error* view \**SEQGEN** is not defined for instance \Register_reg[12][29]
"Single_Cycle_Top_syn.v", 3013: 

*Error* view \**SEQGEN** is not defined for instance \Register_reg[12][28]
"Single_Cycle_Top_syn.v", 3017: 

*Error* view \**SEQGEN** is not defined for instance \Register_reg[12][27]
"Single_Cycle_Top_syn.v", 3021: 

*Error* view \**SEQGEN** is not defined for instance \Register_reg[12][26]
"Single_Cycle_Top_syn.v", 3025: 

*Error* view \**SEQGEN** is not defined for instance \Register_reg[12][25]
"Single_Cycle_Top_syn.v", 3029: 

*Error* view \**SEQGEN** is not defined for instance \Register_reg[12][24]
"Single_Cycle_Top_syn.v", 3033: 

*Error* view \**SEQGEN** is not defined for instance \Register_reg[12][23]
"Single_Cycle_Top_syn.v", 3037: 

*Error* view \**SEQGEN** is not defined for instance \Register_reg[12][22]
"Single_Cycle_Top_syn.v", 3041: 

*Error* view \**SEQGEN** is not defined for instance \Register_reg[12][21]
"Single_Cycle_Top_syn.v", 3045: 

*Error* view \**SEQGEN** is not defined for instance \Register_reg[12][20]
"Single_Cycle_Top_syn.v", 3049: 

*Error* view \**SEQGEN** is not defined for instance \Register_reg[12][19]
"Single_Cycle_Top_syn.v", 3053: 

*Error* view \**SEQGEN** is not defined for instance \Register_reg[12][18]
"Single_Cycle_Top_syn.v", 3057: 

*Error* view \**SEQGEN** is not defined for instance \Register_reg[12][17]
"Single_Cycle_Top_syn.v", 3061: 

*Error* view \**SEQGEN** is not defined for instance \Register_reg[12][16]
"Single_Cycle_Top_syn.v", 3065: 

*Error* view \**SEQGEN** is not defined for instance \Register_reg[12][15]
"Single_Cycle_Top_syn.v", 3069: 

*Error* view \**SEQGEN** is not defined for instance \Register_reg[12][14]
"Single_Cycle_Top_syn.v", 3073: 

*Error* view \**SEQGEN** is not defined for instance \Register_reg[12][13]
"Single_Cycle_Top_syn.v", 3077: 

*Error* view \**SEQGEN** is not defined for instance \Register_reg[12][12]
"Single_Cycle_Top_syn.v", 3081: 

*Error* view \**SEQGEN** is not defined for instance \Register_reg[12][11]
"Single_Cycle_Top_syn.v", 3085: 

*Error* view \**SEQGEN** is not defined for instance \Register_reg[12][10]
"Single_Cycle_Top_syn.v", 3089: 

*Error* view \**SEQGEN** is not defined for instance \Register_reg[12][9]
"Single_Cycle_Top_syn.v", 3093: 

*Error* view \**SEQGEN** is not defined for instance \Register_reg[12][8]
"Single_Cycle_Top_syn.v", 3097: 

*Error* view \**SEQGEN** is not defined for instance \Register_reg[12][7]
"Single_Cycle_Top_syn.v", 3101: 

*Error* view \**SEQGEN** is not defined for instance \Register_reg[12][6]
"Single_Cycle_Top_syn.v", 3105: 

*Error* view \**SEQGEN** is not defined for instance \Register_reg[12][5]
"Single_Cycle_Top_syn.v", 3109: 

*Error* view \**SEQGEN** is not defined for instance \Register_reg[12][4]
"Single_Cycle_Top_syn.v", 3113: 

*Error* view \**SEQGEN** is not defined for instance \Register_reg[12][3]
"Single_Cycle_Top_syn.v", 3117: 

*Error* view \**SEQGEN** is not defined for instance \Register_reg[12][2]
"Single_Cycle_Top_syn.v", 3121: 

*Error* view \**SEQGEN** is not defined for instance \Register_reg[12][1]
"Single_Cycle_Top_syn.v", 3125: 

*Error* view \**SEQGEN** is not defined for instance \Register_reg[12][0]
"Single_Cycle_Top_syn.v", 3129: 

*Error* view \**SEQGEN** is not defined for instance \Register_reg[11][31]
"Single_Cycle_Top_syn.v", 3133: 

*Error* view \**SEQGEN** is not defined for instance \Register_reg[11][30]
"Single_Cycle_Top_syn.v", 3137: 

*Error* view \**SEQGEN** is not defined for instance \Register_reg[11][29]
"Single_Cycle_Top_syn.v", 3141: 

*Error* view \**SEQGEN** is not defined for instance \Register_reg[11][28]
"Single_Cycle_Top_syn.v", 3145: 

*Error* view \**SEQGEN** is not defined for instance \Register_reg[11][27]
"Single_Cycle_Top_syn.v", 3149: 

*Error* view \**SEQGEN** is not defined for instance \Register_reg[11][26]
"Single_Cycle_Top_syn.v", 3153: 

*Error* view \**SEQGEN** is not defined for instance \Register_reg[11][25]
"Single_Cycle_Top_syn.v", 3157: 

*Error* view \**SEQGEN** is not defined for instance \Register_reg[11][24]
"Single_Cycle_Top_syn.v", 3161: 

*Error* view \**SEQGEN** is not defined for instance \Register_reg[11][23]
"Single_Cycle_Top_syn.v", 3165: 

*Error* view \**SEQGEN** is not defined for instance \Register_reg[11][22]
"Single_Cycle_Top_syn.v", 3169: 

*Error* view \**SEQGEN** is not defined for instance \Register_reg[11][21]
"Single_Cycle_Top_syn.v", 3173: 

*Error* view \**SEQGEN** is not defined for instance \Register_reg[11][20]
"Single_Cycle_Top_syn.v", 3177: 

*Error* view \**SEQGEN** is not defined for instance \Register_reg[11][19]
"Single_Cycle_Top_syn.v", 3181: 

*Error* view \**SEQGEN** is not defined for instance \Register_reg[11][18]
"Single_Cycle_Top_syn.v", 3185: 

*Error* view \**SEQGEN** is not defined for instance \Register_reg[11][17]
"Single_Cycle_Top_syn.v", 3189: 

*Error* view \**SEQGEN** is not defined for instance \Register_reg[11][16]
"Single_Cycle_Top_syn.v", 3193: 

*Error* view \**SEQGEN** is not defined for instance \Register_reg[11][15]
"Single_Cycle_Top_syn.v", 3197: 

*Error* view \**SEQGEN** is not defined for instance \Register_reg[11][14]
"Single_Cycle_Top_syn.v", 3201: 

*Error* view \**SEQGEN** is not defined for instance \Register_reg[11][13]
"Single_Cycle_Top_syn.v", 3205: 

*Error* view \**SEQGEN** is not defined for instance \Register_reg[11][12]
"Single_Cycle_Top_syn.v", 3209: 

*Error* view \**SEQGEN** is not defined for instance \Register_reg[11][11]
"Single_Cycle_Top_syn.v", 3213: 

*Error* view \**SEQGEN** is not defined for instance \Register_reg[11][10]
"Single_Cycle_Top_syn.v", 3217: 

*Error* view \**SEQGEN** is not defined for instance \Register_reg[11][9]
"Single_Cycle_Top_syn.v", 3221: 

*Error* view \**SEQGEN** is not defined for instance \Register_reg[11][8]
"Single_Cycle_Top_syn.v", 3225: 

*Error* view \**SEQGEN** is not defined for instance \Register_reg[11][7]
"Single_Cycle_Top_syn.v", 3229: 

*Error* view \**SEQGEN** is not defined for instance \Register_reg[11][6]
"Single_Cycle_Top_syn.v", 3233: 

*Error* view \**SEQGEN** is not defined for instance \Register_reg[11][5]
"Single_Cycle_Top_syn.v", 3237: 

*Error* view \**SEQGEN** is not defined for instance \Register_reg[11][4]
"Single_Cycle_Top_syn.v", 3241: 

*Error* view \**SEQGEN** is not defined for instance \Register_reg[11][3]
"Single_Cycle_Top_syn.v", 3245: 

*Error* view \**SEQGEN** is not defined for instance \Register_reg[11][2]
"Single_Cycle_Top_syn.v", 3249: 

*Error* view \**SEQGEN** is not defined for instance \Register_reg[11][1]
"Single_Cycle_Top_syn.v", 3253: 

*Error* view \**SEQGEN** is not defined for instance \Register_reg[11][0]
"Single_Cycle_Top_syn.v", 3257: 

*Error* view \**SEQGEN** is not defined for instance \Register_reg[10][31]
"Single_Cycle_Top_syn.v", 3261: 

*Error* view \**SEQGEN** is not defined for instance \Register_reg[10][30]
"Single_Cycle_Top_syn.v", 3265: 

*Error* view \**SEQGEN** is not defined for instance \Register_reg[10][29]
"Single_Cycle_Top_syn.v", 3269: 

*Error* view \**SEQGEN** is not defined for instance \Register_reg[10][28]
"Single_Cycle_Top_syn.v", 3273: 

*Error* view \**SEQGEN** is not defined for instance \Register_reg[10][27]
"Single_Cycle_Top_syn.v", 3277: 

*Error* view \**SEQGEN** is not defined for instance \Register_reg[10][26]
"Single_Cycle_Top_syn.v", 3281: 

*Error* view \**SEQGEN** is not defined for instance \Register_reg[10][25]
"Single_Cycle_Top_syn.v", 3285: 

*Error* view \**SEQGEN** is not defined for instance \Register_reg[10][24]
"Single_Cycle_Top_syn.v", 3289: 

*Error* view \**SEQGEN** is not defined for instance \Register_reg[10][23]
"Single_Cycle_Top_syn.v", 3293: 

*Error* view \**SEQGEN** is not defined for instance \Register_reg[10][22]
"Single_Cycle_Top_syn.v", 3297: 

*Error* view \**SEQGEN** is not defined for instance \Register_reg[10][21]
"Single_Cycle_Top_syn.v", 3301: 

*Error* view \**SEQGEN** is not defined for instance \Register_reg[10][20]
"Single_Cycle_Top_syn.v", 3305: 

*Error* view \**SEQGEN** is not defined for instance \Register_reg[10][19]
"Single_Cycle_Top_syn.v", 3309: 

*Error* view \**SEQGEN** is not defined for instance \Register_reg[10][18]
"Single_Cycle_Top_syn.v", 3313: 

*Error* view \**SEQGEN** is not defined for instance \Register_reg[10][17]
"Single_Cycle_Top_syn.v", 3317: 

*Error* view \**SEQGEN** is not defined for instance \Register_reg[10][16]
"Single_Cycle_Top_syn.v", 3321: 

*Error* view \**SEQGEN** is not defined for instance \Register_reg[10][15]
"Single_Cycle_Top_syn.v", 3325: 

*Error* view \**SEQGEN** is not defined for instance \Register_reg[10][14]
"Single_Cycle_Top_syn.v", 3329: 

*Error* view \**SEQGEN** is not defined for instance \Register_reg[10][13]
"Single_Cycle_Top_syn.v", 3333: 

*Error* view \**SEQGEN** is not defined for instance \Register_reg[10][12]
"Single_Cycle_Top_syn.v", 3337: 

*Error* view \**SEQGEN** is not defined for instance \Register_reg[10][11]
"Single_Cycle_Top_syn.v", 3341: 

*Error* view \**SEQGEN** is not defined for instance \Register_reg[10][10]
"Single_Cycle_Top_syn.v", 3345: 

*Error* view \**SEQGEN** is not defined for instance \Register_reg[10][9]
"Single_Cycle_Top_syn.v", 3349: 

*Error* view \**SEQGEN** is not defined for instance \Register_reg[10][8]
"Single_Cycle_Top_syn.v", 3353: 

*Error* view \**SEQGEN** is not defined for instance \Register_reg[10][7]
"Single_Cycle_Top_syn.v", 3357: 

*Error* view \**SEQGEN** is not defined for instance \Register_reg[10][6]
"Single_Cycle_Top_syn.v", 3361: 

*Error* view \**SEQGEN** is not defined for instance \Register_reg[10][5]
"Single_Cycle_Top_syn.v", 3365: 

*Error* view \**SEQGEN** is not defined for instance \Register_reg[10][4]
"Single_Cycle_Top_syn.v", 3369: 

*Error* view \**SEQGEN** is not defined for instance \Register_reg[10][3]
"Single_Cycle_Top_syn.v", 3373: 

*Error* view \**SEQGEN** is not defined for instance \Register_reg[10][2]
"Single_Cycle_Top_syn.v", 3377: 

*Error* view \**SEQGEN** is not defined for instance \Register_reg[10][1]
"Single_Cycle_Top_syn.v", 3381: 

*Error* view \**SEQGEN** is not defined for instance \Register_reg[10][0]
"Single_Cycle_Top_syn.v", 3385: 

*Error* view \**SEQGEN** is not defined for instance \Register_reg[9][31]
"Single_Cycle_Top_syn.v", 3389: 

*Error* view \**SEQGEN** is not defined for instance \Register_reg[9][30]
"Single_Cycle_Top_syn.v", 3393: 

*Error* view \**SEQGEN** is not defined for instance \Register_reg[9][29]
"Single_Cycle_Top_syn.v", 3397: 

*Error* view \**SEQGEN** is not defined for instance \Register_reg[9][28]
"Single_Cycle_Top_syn.v", 3401: 

*Error* view \**SEQGEN** is not defined for instance \Register_reg[9][27]
"Single_Cycle_Top_syn.v", 3405: 

*Error* view \**SEQGEN** is not defined for instance \Register_reg[9][26]
"Single_Cycle_Top_syn.v", 3409: 

*Error* view \**SEQGEN** is not defined for instance \Register_reg[9][25]
"Single_Cycle_Top_syn.v", 3413: 

*Error* view \**SEQGEN** is not defined for instance \Register_reg[9][24]
"Single_Cycle_Top_syn.v", 3417: 

*Error* view \**SEQGEN** is not defined for instance \Register_reg[9][23]
"Single_Cycle_Top_syn.v", 3421: 

*Error* view \**SEQGEN** is not defined for instance \Register_reg[9][22]
"Single_Cycle_Top_syn.v", 3425: 

*Error* view \**SEQGEN** is not defined for instance \Register_reg[9][21]
"Single_Cycle_Top_syn.v", 3429: 

*Error* view \**SEQGEN** is not defined for instance \Register_reg[9][20]
"Single_Cycle_Top_syn.v", 3433: 

*Error* view \**SEQGEN** is not defined for instance \Register_reg[9][19]
"Single_Cycle_Top_syn.v", 3437: 

*Error* view \**SEQGEN** is not defined for instance \Register_reg[9][18]
"Single_Cycle_Top_syn.v", 3441: 

*Error* view \**SEQGEN** is not defined for instance \Register_reg[9][17]
"Single_Cycle_Top_syn.v", 3445: 

*Error* view \**SEQGEN** is not defined for instance \Register_reg[9][16]
"Single_Cycle_Top_syn.v", 3449: 

*Error* view \**SEQGEN** is not defined for instance \Register_reg[9][15]
"Single_Cycle_Top_syn.v", 3453: 

*Error* view \**SEQGEN** is not defined for instance \Register_reg[9][14]
"Single_Cycle_Top_syn.v", 3457: 

*Error* view \**SEQGEN** is not defined for instance \Register_reg[9][13]
"Single_Cycle_Top_syn.v", 3461: 

*Error* view \**SEQGEN** is not defined for instance \Register_reg[9][12]
"Single_Cycle_Top_syn.v", 3465: 

*Error* view \**SEQGEN** is not defined for instance \Register_reg[9][11]
"Single_Cycle_Top_syn.v", 3469: 

*Error* view \**SEQGEN** is not defined for instance \Register_reg[9][10]
"Single_Cycle_Top_syn.v", 3473: 

*Error* view \**SEQGEN** is not defined for instance \Register_reg[9][9]
"Single_Cycle_Top_syn.v", 3477: 

*Error* view \**SEQGEN** is not defined for instance \Register_reg[9][8]
"Single_Cycle_Top_syn.v", 3481: 

*Error* view \**SEQGEN** is not defined for instance \Register_reg[9][7]
"Single_Cycle_Top_syn.v", 3485: 

*Error* view \**SEQGEN** is not defined for instance \Register_reg[9][6]
"Single_Cycle_Top_syn.v", 3489: 

*Error* view \**SEQGEN** is not defined for instance \Register_reg[9][5]
"Single_Cycle_Top_syn.v", 3493: 

*Error* view \**SEQGEN** is not defined for instance \Register_reg[9][4]
"Single_Cycle_Top_syn.v", 3497: 

*Error* view \**SEQGEN** is not defined for instance \Register_reg[9][3]
"Single_Cycle_Top_syn.v", 3501: 

*Error* view \**SEQGEN** is not defined for instance \Register_reg[9][2]
"Single_Cycle_Top_syn.v", 3505: 

*Error* view \**SEQGEN** is not defined for instance \Register_reg[9][1]
"Single_Cycle_Top_syn.v", 3509: 

*Error* view \**SEQGEN** is not defined for instance \Register_reg[9][0]
"Single_Cycle_Top_syn.v", 3513: 

*Error* view \**SEQGEN** is not defined for instance \Register_reg[8][31]
"Single_Cycle_Top_syn.v", 3517: 

*Error* view \**SEQGEN** is not defined for instance \Register_reg[8][30]
"Single_Cycle_Top_syn.v", 3521: 

*Error* view \**SEQGEN** is not defined for instance \Register_reg[8][29]
"Single_Cycle_Top_syn.v", 3525: 

*Error* view \**SEQGEN** is not defined for instance \Register_reg[8][28]
"Single_Cycle_Top_syn.v", 3529: 

*Error* view \**SEQGEN** is not defined for instance \Register_reg[8][27]
"Single_Cycle_Top_syn.v", 3533: 

*Error* view \**SEQGEN** is not defined for instance \Register_reg[8][26]
"Single_Cycle_Top_syn.v", 3537: 

*Error* view \**SEQGEN** is not defined for instance \Register_reg[8][25]
"Single_Cycle_Top_syn.v", 3541: 

*Error* view \**SEQGEN** is not defined for instance \Register_reg[8][24]
"Single_Cycle_Top_syn.v", 3545: 

*Error* view \**SEQGEN** is not defined for instance \Register_reg[8][23]
"Single_Cycle_Top_syn.v", 3549: 

*Error* view \**SEQGEN** is not defined for instance \Register_reg[8][22]
"Single_Cycle_Top_syn.v", 3553: 

*Error* view \**SEQGEN** is not defined for instance \Register_reg[8][21]
"Single_Cycle_Top_syn.v", 3557: 

*Error* view \**SEQGEN** is not defined for instance \Register_reg[8][20]
"Single_Cycle_Top_syn.v", 3561: 

*Error* view \**SEQGEN** is not defined for instance \Register_reg[8][19]
"Single_Cycle_Top_syn.v", 3565: 

*Error* view \**SEQGEN** is not defined for instance \Register_reg[8][18]
"Single_Cycle_Top_syn.v", 3569: 

*Error* view \**SEQGEN** is not defined for instance \Register_reg[8][17]
"Single_Cycle_Top_syn.v", 3573: 

*Error* view \**SEQGEN** is not defined for instance \Register_reg[8][16]
"Single_Cycle_Top_syn.v", 3577: 

*Error* view \**SEQGEN** is not defined for instance \Register_reg[8][15]
"Single_Cycle_Top_syn.v", 3581: 

*Error* view \**SEQGEN** is not defined for instance \Register_reg[8][14]
"Single_Cycle_Top_syn.v", 3585: 

*Error* view \**SEQGEN** is not defined for instance \Register_reg[8][13]
"Single_Cycle_Top_syn.v", 3589: 

*Error* view \**SEQGEN** is not defined for instance \Register_reg[8][12]
"Single_Cycle_Top_syn.v", 3593: 

*Error* view \**SEQGEN** is not defined for instance \Register_reg[8][11]
"Single_Cycle_Top_syn.v", 3597: 

*Error* view \**SEQGEN** is not defined for instance \Register_reg[8][10]
"Single_Cycle_Top_syn.v", 3601: 

*Error* view \**SEQGEN** is not defined for instance \Register_reg[8][9]
"Single_Cycle_Top_syn.v", 3605: 

*Error* view \**SEQGEN** is not defined for instance \Register_reg[8][8]
"Single_Cycle_Top_syn.v", 3609: 

*Error* view \**SEQGEN** is not defined for instance \Register_reg[8][7]
"Single_Cycle_Top_syn.v", 3613: 

*Error* view \**SEQGEN** is not defined for instance \Register_reg[8][6]
"Single_Cycle_Top_syn.v", 3617: 

*Error* view \**SEQGEN** is not defined for instance \Register_reg[8][5]
"Single_Cycle_Top_syn.v", 3621: 

*Error* view \**SEQGEN** is not defined for instance \Register_reg[8][4]
"Single_Cycle_Top_syn.v", 3625: 

*Error* view \**SEQGEN** is not defined for instance \Register_reg[8][3]
"Single_Cycle_Top_syn.v", 3629: 

*Error* view \**SEQGEN** is not defined for instance \Register_reg[8][2]
"Single_Cycle_Top_syn.v", 3633: 

*Error* view \**SEQGEN** is not defined for instance \Register_reg[8][1]
"Single_Cycle_Top_syn.v", 3637: 

*Error* view \**SEQGEN** is not defined for instance \Register_reg[8][0]
"Single_Cycle_Top_syn.v", 3641: 

*Error* view \**SEQGEN** is not defined for instance \Register_reg[7][31]
"Single_Cycle_Top_syn.v", 3645: 

*Error* view \**SEQGEN** is not defined for instance \Register_reg[7][30]
"Single_Cycle_Top_syn.v", 3649: 

*Error* view \**SEQGEN** is not defined for instance \Register_reg[7][29]
"Single_Cycle_Top_syn.v", 3653: 

*Error* view \**SEQGEN** is not defined for instance \Register_reg[7][28]
"Single_Cycle_Top_syn.v", 3657: 

*Error* view \**SEQGEN** is not defined for instance \Register_reg[7][27]
"Single_Cycle_Top_syn.v", 3661: 

*Error* view \**SEQGEN** is not defined for instance \Register_reg[7][26]
"Single_Cycle_Top_syn.v", 3665: 

*Error* view \**SEQGEN** is not defined for instance \Register_reg[7][25]
"Single_Cycle_Top_syn.v", 3669: 

*Error* view \**SEQGEN** is not defined for instance \Register_reg[7][24]
"Single_Cycle_Top_syn.v", 3673: 

*Error* view \**SEQGEN** is not defined for instance \Register_reg[7][23]
"Single_Cycle_Top_syn.v", 3677: 

*Error* view \**SEQGEN** is not defined for instance \Register_reg[7][22]
"Single_Cycle_Top_syn.v", 3681: 

*Error* view \**SEQGEN** is not defined for instance \Register_reg[7][21]
"Single_Cycle_Top_syn.v", 3685: 

*Error* view \**SEQGEN** is not defined for instance \Register_reg[7][20]
"Single_Cycle_Top_syn.v", 3689: 

*Error* view \**SEQGEN** is not defined for instance \Register_reg[7][19]
"Single_Cycle_Top_syn.v", 3693: 

*Error* view \**SEQGEN** is not defined for instance \Register_reg[7][18]
"Single_Cycle_Top_syn.v", 3697: 

*Error* view \**SEQGEN** is not defined for instance \Register_reg[7][17]
"Single_Cycle_Top_syn.v", 3701: 

*Error* view \**SEQGEN** is not defined for instance \Register_reg[7][16]
"Single_Cycle_Top_syn.v", 3705: 

*Error* view \**SEQGEN** is not defined for instance \Register_reg[7][15]
"Single_Cycle_Top_syn.v", 3709: 

*Error* view \**SEQGEN** is not defined for instance \Register_reg[7][14]
"Single_Cycle_Top_syn.v", 3713: 

*Error* view \**SEQGEN** is not defined for instance \Register_reg[7][13]
"Single_Cycle_Top_syn.v", 3717: 

*Error* view \**SEQGEN** is not defined for instance \Register_reg[7][12]
"Single_Cycle_Top_syn.v", 3721: 

*Error* view \**SEQGEN** is not defined for instance \Register_reg[7][11]
"Single_Cycle_Top_syn.v", 3725: 

*Error* view \**SEQGEN** is not defined for instance \Register_reg[7][10]
"Single_Cycle_Top_syn.v", 3729: 

*Error* view \**SEQGEN** is not defined for instance \Register_reg[7][9]
"Single_Cycle_Top_syn.v", 3733: 

*Error* view \**SEQGEN** is not defined for instance \Register_reg[7][8]
"Single_Cycle_Top_syn.v", 3737: 

*Error* view \**SEQGEN** is not defined for instance \Register_reg[7][7]
"Single_Cycle_Top_syn.v", 3741: 

*Error* view \**SEQGEN** is not defined for instance \Register_reg[7][6]
"Single_Cycle_Top_syn.v", 3745: 

*Error* view \**SEQGEN** is not defined for instance \Register_reg[7][5]
"Single_Cycle_Top_syn.v", 3749: 

*Error* view \**SEQGEN** is not defined for instance \Register_reg[7][4]
"Single_Cycle_Top_syn.v", 3753: 

*Error* view \**SEQGEN** is not defined for instance \Register_reg[7][3]
"Single_Cycle_Top_syn.v", 3757: 

*Error* view \**SEQGEN** is not defined for instance \Register_reg[7][2]
"Single_Cycle_Top_syn.v", 3761: 

*Error* view \**SEQGEN** is not defined for instance \Register_reg[7][1]
"Single_Cycle_Top_syn.v", 3765: 

*Error* view \**SEQGEN** is not defined for instance \Register_reg[7][0]
"Single_Cycle_Top_syn.v", 3769: 

*Error* view \**SEQGEN** is not defined for instance \Register_reg[6][31]
"Single_Cycle_Top_syn.v", 3773: 

*Error* view \**SEQGEN** is not defined for instance \Register_reg[6][30]
"Single_Cycle_Top_syn.v", 3777: 

*Error* view \**SEQGEN** is not defined for instance \Register_reg[6][29]
"Single_Cycle_Top_syn.v", 3781: 

*Error* view \**SEQGEN** is not defined for instance \Register_reg[6][28]
"Single_Cycle_Top_syn.v", 3785: 

*Error* view \**SEQGEN** is not defined for instance \Register_reg[6][27]
"Single_Cycle_Top_syn.v", 3789: 

*Error* view \**SEQGEN** is not defined for instance \Register_reg[6][26]
"Single_Cycle_Top_syn.v", 3793: 

*Error* view \**SEQGEN** is not defined for instance \Register_reg[6][25]
"Single_Cycle_Top_syn.v", 3797: 

*Error* view \**SEQGEN** is not defined for instance \Register_reg[6][24]
"Single_Cycle_Top_syn.v", 3801: 

*Error* view \**SEQGEN** is not defined for instance \Register_reg[6][23]
"Single_Cycle_Top_syn.v", 3805: 

*Error* view \**SEQGEN** is not defined for instance \Register_reg[6][22]
"Single_Cycle_Top_syn.v", 3809: 

*Error* view \**SEQGEN** is not defined for instance \Register_reg[6][21]
"Single_Cycle_Top_syn.v", 3813: 

*Error* view \**SEQGEN** is not defined for instance \Register_reg[6][20]
"Single_Cycle_Top_syn.v", 3817: 

*Error* view \**SEQGEN** is not defined for instance \Register_reg[6][19]
"Single_Cycle_Top_syn.v", 3821: 

*Error* view \**SEQGEN** is not defined for instance \Register_reg[6][18]
"Single_Cycle_Top_syn.v", 3825: 

*Error* view \**SEQGEN** is not defined for instance \Register_reg[6][17]
"Single_Cycle_Top_syn.v", 3829: 

*Error* view \**SEQGEN** is not defined for instance \Register_reg[6][16]
"Single_Cycle_Top_syn.v", 3833: 

*Error* view \**SEQGEN** is not defined for instance \Register_reg[6][15]
"Single_Cycle_Top_syn.v", 3837: 

*Error* view \**SEQGEN** is not defined for instance \Register_reg[6][14]
"Single_Cycle_Top_syn.v", 3841: 

*Error* view \**SEQGEN** is not defined for instance \Register_reg[6][13]
"Single_Cycle_Top_syn.v", 3845: 

*Error* view \**SEQGEN** is not defined for instance \Register_reg[6][12]
"Single_Cycle_Top_syn.v", 3849: 

*Error* view \**SEQGEN** is not defined for instance \Register_reg[6][11]
"Single_Cycle_Top_syn.v", 3853: 

*Error* view \**SEQGEN** is not defined for instance \Register_reg[6][10]
"Single_Cycle_Top_syn.v", 3857: 

*Error* view \**SEQGEN** is not defined for instance \Register_reg[6][9]
"Single_Cycle_Top_syn.v", 3861: 

*Error* view \**SEQGEN** is not defined for instance \Register_reg[6][8]
"Single_Cycle_Top_syn.v", 3865: 

*Error* view \**SEQGEN** is not defined for instance \Register_reg[6][7]
"Single_Cycle_Top_syn.v", 3869: 

*Error* view \**SEQGEN** is not defined for instance \Register_reg[6][6]
"Single_Cycle_Top_syn.v", 3873: 

*Error* view \**SEQGEN** is not defined for instance \Register_reg[6][5]
"Single_Cycle_Top_syn.v", 3877: 

*Error* view \**SEQGEN** is not defined for instance \Register_reg[6][4]
"Single_Cycle_Top_syn.v", 3881: 

*Error* view \**SEQGEN** is not defined for instance \Register_reg[6][3]
"Single_Cycle_Top_syn.v", 3885: 

*Error* view \**SEQGEN** is not defined for instance \Register_reg[6][2]
"Single_Cycle_Top_syn.v", 3889: 

*Error* view \**SEQGEN** is not defined for instance \Register_reg[6][1]
"Single_Cycle_Top_syn.v", 3893: 

*Error* view \**SEQGEN** is not defined for instance \Register_reg[6][0]
"Single_Cycle_Top_syn.v", 3897: 

*Error* view \**SEQGEN** is not defined for instance \Register_reg[5][31]
"Single_Cycle_Top_syn.v", 3901: 

*Error* view \**SEQGEN** is not defined for instance \Register_reg[5][30]
"Single_Cycle_Top_syn.v", 3905: 

*Error* view \**SEQGEN** is not defined for instance \Register_reg[5][29]
"Single_Cycle_Top_syn.v", 3909: 

*Error* view \**SEQGEN** is not defined for instance \Register_reg[5][28]
"Single_Cycle_Top_syn.v", 3913: 

*Error* view \**SEQGEN** is not defined for instance \Register_reg[5][27]
"Single_Cycle_Top_syn.v", 3917: 

*Error* view \**SEQGEN** is not defined for instance \Register_reg[5][26]
"Single_Cycle_Top_syn.v", 3921: 

*Error* view \**SEQGEN** is not defined for instance \Register_reg[5][25]
"Single_Cycle_Top_syn.v", 3925: 

*Error* view \**SEQGEN** is not defined for instance \Register_reg[5][24]
"Single_Cycle_Top_syn.v", 3929: 

*Error* view \**SEQGEN** is not defined for instance \Register_reg[5][23]
"Single_Cycle_Top_syn.v", 3933: 

*Error* view \**SEQGEN** is not defined for instance \Register_reg[5][22]
"Single_Cycle_Top_syn.v", 3937: 

*Error* view \**SEQGEN** is not defined for instance \Register_reg[5][21]
"Single_Cycle_Top_syn.v", 3941: 

*Error* view \**SEQGEN** is not defined for instance \Register_reg[5][20]
"Single_Cycle_Top_syn.v", 3945: 

*Error* view \**SEQGEN** is not defined for instance \Register_reg[5][19]
"Single_Cycle_Top_syn.v", 3949: 

*Error* view \**SEQGEN** is not defined for instance \Register_reg[5][18]
"Single_Cycle_Top_syn.v", 3953: 

*Error* view \**SEQGEN** is not defined for instance \Register_reg[5][17]
"Single_Cycle_Top_syn.v", 3957: 

*Error* view \**SEQGEN** is not defined for instance \Register_reg[5][16]
"Single_Cycle_Top_syn.v", 3961: 

*Error* view \**SEQGEN** is not defined for instance \Register_reg[5][15]
"Single_Cycle_Top_syn.v", 3965: 

*Error* view \**SEQGEN** is not defined for instance \Register_reg[5][14]
"Single_Cycle_Top_syn.v", 3969: 

*Error* view \**SEQGEN** is not defined for instance \Register_reg[5][13]
"Single_Cycle_Top_syn.v", 3973: 

*Error* view \**SEQGEN** is not defined for instance \Register_reg[5][12]
"Single_Cycle_Top_syn.v", 3977: 

*Error* view \**SEQGEN** is not defined for instance \Register_reg[5][11]
"Single_Cycle_Top_syn.v", 3981: 

*Error* view \**SEQGEN** is not defined for instance \Register_reg[5][10]
"Single_Cycle_Top_syn.v", 3985: 

*Error* view \**SEQGEN** is not defined for instance \Register_reg[5][9]
"Single_Cycle_Top_syn.v", 3989: 

*Error* view \**SEQGEN** is not defined for instance \Register_reg[5][8]
"Single_Cycle_Top_syn.v", 3993: 

*Error* view \**SEQGEN** is not defined for instance \Register_reg[5][7]
"Single_Cycle_Top_syn.v", 3997: 

*Error* view \**SEQGEN** is not defined for instance \Register_reg[5][6]
"Single_Cycle_Top_syn.v", 4001: 

*Error* view \**SEQGEN** is not defined for instance \Register_reg[5][5]
"Single_Cycle_Top_syn.v", 4005: 

*Error* view \**SEQGEN** is not defined for instance \Register_reg[5][4]
"Single_Cycle_Top_syn.v", 4009: 

*Error* view \**SEQGEN** is not defined for instance \Register_reg[5][3]
"Single_Cycle_Top_syn.v", 4013: 

*Error* view \**SEQGEN** is not defined for instance \Register_reg[5][2]
"Single_Cycle_Top_syn.v", 4017: 

*Error* view \**SEQGEN** is not defined for instance \Register_reg[5][1]
"Single_Cycle_Top_syn.v", 4021: 

*Error* view \**SEQGEN** is not defined for instance \Register_reg[5][0]
"Single_Cycle_Top_syn.v", 4025: 

*Error* view \**SEQGEN** is not defined for instance \Register_reg[4][31]
"Single_Cycle_Top_syn.v", 4029: 

*Error* view \**SEQGEN** is not defined for instance \Register_reg[4][30]
"Single_Cycle_Top_syn.v", 4033: 

*Error* view \**SEQGEN** is not defined for instance \Register_reg[4][29]
"Single_Cycle_Top_syn.v", 4037: 

*Error* view \**SEQGEN** is not defined for instance \Register_reg[4][28]
"Single_Cycle_Top_syn.v", 4041: 

*Error* view \**SEQGEN** is not defined for instance \Register_reg[4][27]
"Single_Cycle_Top_syn.v", 4045: 

*Error* view \**SEQGEN** is not defined for instance \Register_reg[4][26]
"Single_Cycle_Top_syn.v", 4049: 

*Error* view \**SEQGEN** is not defined for instance \Register_reg[4][25]
"Single_Cycle_Top_syn.v", 4053: 

*Error* view \**SEQGEN** is not defined for instance \Register_reg[4][24]
"Single_Cycle_Top_syn.v", 4057: 

*Error* view \**SEQGEN** is not defined for instance \Register_reg[4][23]
"Single_Cycle_Top_syn.v", 4061: 

*Error* view \**SEQGEN** is not defined for instance \Register_reg[4][22]
"Single_Cycle_Top_syn.v", 4065: 

*Error* view \**SEQGEN** is not defined for instance \Register_reg[4][21]
"Single_Cycle_Top_syn.v", 4069: 

*Error* view \**SEQGEN** is not defined for instance \Register_reg[4][20]
"Single_Cycle_Top_syn.v", 4073: 

*Error* view \**SEQGEN** is not defined for instance \Register_reg[4][19]
"Single_Cycle_Top_syn.v", 4077: 

*Error* view \**SEQGEN** is not defined for instance \Register_reg[4][18]
"Single_Cycle_Top_syn.v", 4081: 

*Error* view \**SEQGEN** is not defined for instance \Register_reg[4][17]
"Single_Cycle_Top_syn.v", 4085: 

*Error* view \**SEQGEN** is not defined for instance \Register_reg[4][16]
"Single_Cycle_Top_syn.v", 4089: 

*Error* view \**SEQGEN** is not defined for instance \Register_reg[4][15]
"Single_Cycle_Top_syn.v", 4093: 

*Error* view \**SEQGEN** is not defined for instance \Register_reg[4][14]
"Single_Cycle_Top_syn.v", 4097: 

*Error* view \**SEQGEN** is not defined for instance \Register_reg[4][13]
"Single_Cycle_Top_syn.v", 4101: 

*Error* view \**SEQGEN** is not defined for instance \Register_reg[4][12]
"Single_Cycle_Top_syn.v", 4105: 

*Error* view \**SEQGEN** is not defined for instance \Register_reg[4][11]
"Single_Cycle_Top_syn.v", 4109: 

*Error* view \**SEQGEN** is not defined for instance \Register_reg[4][10]
"Single_Cycle_Top_syn.v", 4113: 

*Error* view \**SEQGEN** is not defined for instance \Register_reg[4][9]
"Single_Cycle_Top_syn.v", 4117: 

*Error* view \**SEQGEN** is not defined for instance \Register_reg[4][8]
"Single_Cycle_Top_syn.v", 4121: 

*Error* view \**SEQGEN** is not defined for instance \Register_reg[4][7]
"Single_Cycle_Top_syn.v", 4125: 

*Error* view \**SEQGEN** is not defined for instance \Register_reg[4][6]
"Single_Cycle_Top_syn.v", 4129: 

*Error* view \**SEQGEN** is not defined for instance \Register_reg[4][5]
"Single_Cycle_Top_syn.v", 4133: 

*Error* view \**SEQGEN** is not defined for instance \Register_reg[4][4]
"Single_Cycle_Top_syn.v", 4137: 

*Error* view \**SEQGEN** is not defined for instance \Register_reg[4][3]
"Single_Cycle_Top_syn.v", 4141: 

*Error* view \**SEQGEN** is not defined for instance \Register_reg[4][2]
"Single_Cycle_Top_syn.v", 4145: 

*Error* view \**SEQGEN** is not defined for instance \Register_reg[4][1]
"Single_Cycle_Top_syn.v", 4149: 

*Error* view \**SEQGEN** is not defined for instance \Register_reg[4][0]
"Single_Cycle_Top_syn.v", 4153: 

*Error* view \**SEQGEN** is not defined for instance \Register_reg[3][31]
"Single_Cycle_Top_syn.v", 4157: 

*Error* view \**SEQGEN** is not defined for instance \Register_reg[3][30]
"Single_Cycle_Top_syn.v", 4161: 

*Error* view \**SEQGEN** is not defined for instance \Register_reg[3][29]
"Single_Cycle_Top_syn.v", 4165: 

*Error* view \**SEQGEN** is not defined for instance \Register_reg[3][28]
"Single_Cycle_Top_syn.v", 4169: 

*Error* view \**SEQGEN** is not defined for instance \Register_reg[3][27]
"Single_Cycle_Top_syn.v", 4173: 

*Error* view \**SEQGEN** is not defined for instance \Register_reg[3][26]
"Single_Cycle_Top_syn.v", 4177: 

*Error* view \**SEQGEN** is not defined for instance \Register_reg[3][25]
"Single_Cycle_Top_syn.v", 4181: 

*Error* view \**SEQGEN** is not defined for instance \Register_reg[3][24]
"Single_Cycle_Top_syn.v", 4185: 

*Error* view \**SEQGEN** is not defined for instance \Register_reg[3][23]
"Single_Cycle_Top_syn.v", 4189: 

*Error* view \**SEQGEN** is not defined for instance \Register_reg[3][22]
"Single_Cycle_Top_syn.v", 4193: 

*Error* view \**SEQGEN** is not defined for instance \Register_reg[3][21]
"Single_Cycle_Top_syn.v", 4197: 

*Error* view \**SEQGEN** is not defined for instance \Register_reg[3][20]
"Single_Cycle_Top_syn.v", 4201: 

*Error* view \**SEQGEN** is not defined for instance \Register_reg[3][19]
"Single_Cycle_Top_syn.v", 4205: 

*Error* view \**SEQGEN** is not defined for instance \Register_reg[3][18]
"Single_Cycle_Top_syn.v", 4209: 

*Error* view \**SEQGEN** is not defined for instance \Register_reg[3][17]
"Single_Cycle_Top_syn.v", 4213: 

*Error* view \**SEQGEN** is not defined for instance \Register_reg[3][16]
"Single_Cycle_Top_syn.v", 4217: 

*Error* view \**SEQGEN** is not defined for instance \Register_reg[3][15]
"Single_Cycle_Top_syn.v", 4221: 

*Error* view \**SEQGEN** is not defined for instance \Register_reg[3][14]
"Single_Cycle_Top_syn.v", 4225: 

*Error* view \**SEQGEN** is not defined for instance \Register_reg[3][13]
"Single_Cycle_Top_syn.v", 4229: 

*Error* view \**SEQGEN** is not defined for instance \Register_reg[3][12]
"Single_Cycle_Top_syn.v", 4233: 

*Error* view \**SEQGEN** is not defined for instance \Register_reg[3][11]
"Single_Cycle_Top_syn.v", 4237: 

*Error* view \**SEQGEN** is not defined for instance \Register_reg[3][10]
"Single_Cycle_Top_syn.v", 4241: 

*Error* view \**SEQGEN** is not defined for instance \Register_reg[3][9]
"Single_Cycle_Top_syn.v", 4245: 

*Error* view \**SEQGEN** is not defined for instance \Register_reg[3][8]
"Single_Cycle_Top_syn.v", 4249: 

*Error* view \**SEQGEN** is not defined for instance \Register_reg[3][7]
"Single_Cycle_Top_syn.v", 4253: 

*Error* view \**SEQGEN** is not defined for instance \Register_reg[3][6]
"Single_Cycle_Top_syn.v", 4257: 

*Error* view \**SEQGEN** is not defined for instance \Register_reg[3][5]
"Single_Cycle_Top_syn.v", 4261: 

*Error* view \**SEQGEN** is not defined for instance \Register_reg[3][4]
"Single_Cycle_Top_syn.v", 4265: 

*Error* view \**SEQGEN** is not defined for instance \Register_reg[3][3]
"Single_Cycle_Top_syn.v", 4269: 

*Error* view \**SEQGEN** is not defined for instance \Register_reg[3][2]
"Single_Cycle_Top_syn.v", 4273: 

*Error* view \**SEQGEN** is not defined for instance \Register_reg[3][1]
"Single_Cycle_Top_syn.v", 4277: 

*Error* view \**SEQGEN** is not defined for instance \Register_reg[3][0]
"Single_Cycle_Top_syn.v", 4281: 

*Error* view \**SEQGEN** is not defined for instance \Register_reg[2][31]
"Single_Cycle_Top_syn.v", 4285: 

*Error* view \**SEQGEN** is not defined for instance \Register_reg[2][30]
"Single_Cycle_Top_syn.v", 4289: 

*Error* view \**SEQGEN** is not defined for instance \Register_reg[2][29]
"Single_Cycle_Top_syn.v", 4293: 

*Error* view \**SEQGEN** is not defined for instance \Register_reg[2][28]
"Single_Cycle_Top_syn.v", 4297: 

*Error* view \**SEQGEN** is not defined for instance \Register_reg[2][27]
"Single_Cycle_Top_syn.v", 4301: 

*Error* view \**SEQGEN** is not defined for instance \Register_reg[2][26]
"Single_Cycle_Top_syn.v", 4305: 

*Error* view \**SEQGEN** is not defined for instance \Register_reg[2][25]
"Single_Cycle_Top_syn.v", 4309: 

*Error* view \**SEQGEN** is not defined for instance \Register_reg[2][24]
"Single_Cycle_Top_syn.v", 4313: 

*Error* view \**SEQGEN** is not defined for instance \Register_reg[2][23]
"Single_Cycle_Top_syn.v", 4317: 

*Error* view \**SEQGEN** is not defined for instance \Register_reg[2][22]
"Single_Cycle_Top_syn.v", 4321: 

*Error* view \**SEQGEN** is not defined for instance \Register_reg[2][21]
"Single_Cycle_Top_syn.v", 4325: 

*Error* view \**SEQGEN** is not defined for instance \Register_reg[2][20]
"Single_Cycle_Top_syn.v", 4329: 

*Error* view \**SEQGEN** is not defined for instance \Register_reg[2][19]
"Single_Cycle_Top_syn.v", 4333: 

*Error* view \**SEQGEN** is not defined for instance \Register_reg[2][18]
"Single_Cycle_Top_syn.v", 4337: 

*Error* view \**SEQGEN** is not defined for instance \Register_reg[2][17]
"Single_Cycle_Top_syn.v", 4341: 

*Error* view \**SEQGEN** is not defined for instance \Register_reg[2][16]
"Single_Cycle_Top_syn.v", 4345: 

*Error* view \**SEQGEN** is not defined for instance \Register_reg[2][15]
"Single_Cycle_Top_syn.v", 4349: 

*Error* view \**SEQGEN** is not defined for instance \Register_reg[2][14]
"Single_Cycle_Top_syn.v", 4353: 

*Error* view \**SEQGEN** is not defined for instance \Register_reg[2][13]
"Single_Cycle_Top_syn.v", 4357: 

*Error* view \**SEQGEN** is not defined for instance \Register_reg[2][12]
"Single_Cycle_Top_syn.v", 4361: 

*Error* view \**SEQGEN** is not defined for instance \Register_reg[2][11]
"Single_Cycle_Top_syn.v", 4365: 

*Error* view \**SEQGEN** is not defined for instance \Register_reg[2][10]
"Single_Cycle_Top_syn.v", 4369: 

*Error* view \**SEQGEN** is not defined for instance \Register_reg[2][9]
"Single_Cycle_Top_syn.v", 4373: 

*Error* view \**SEQGEN** is not defined for instance \Register_reg[2][8]
"Single_Cycle_Top_syn.v", 4377: 

*Error* view \**SEQGEN** is not defined for instance \Register_reg[2][7]
"Single_Cycle_Top_syn.v", 4381: 

*Error* view \**SEQGEN** is not defined for instance \Register_reg[2][6]
"Single_Cycle_Top_syn.v", 4385: 

*Error* view \**SEQGEN** is not defined for instance \Register_reg[2][5]
"Single_Cycle_Top_syn.v", 4389: 

*Error* view \**SEQGEN** is not defined for instance \Register_reg[2][4]
"Single_Cycle_Top_syn.v", 4393: 

*Error* view \**SEQGEN** is not defined for instance \Register_reg[2][3]
"Single_Cycle_Top_syn.v", 4397: 

*Error* view \**SEQGEN** is not defined for instance \Register_reg[2][2]
"Single_Cycle_Top_syn.v", 4401: 

*Error* view \**SEQGEN** is not defined for instance \Register_reg[2][1]
"Single_Cycle_Top_syn.v", 4405: 

*Error* view \**SEQGEN** is not defined for instance \Register_reg[2][0]
"Single_Cycle_Top_syn.v", 4409: 

*Error* view \**SEQGEN** is not defined for instance \Register_reg[1][31]
"Single_Cycle_Top_syn.v", 4413: 

*Error* view \**SEQGEN** is not defined for instance \Register_reg[1][30]
"Single_Cycle_Top_syn.v", 4417: 

*Error* view \**SEQGEN** is not defined for instance \Register_reg[1][29]
"Single_Cycle_Top_syn.v", 4421: 

*Error* view \**SEQGEN** is not defined for instance \Register_reg[1][28]
"Single_Cycle_Top_syn.v", 4425: 

*Error* view \**SEQGEN** is not defined for instance \Register_reg[1][27]
"Single_Cycle_Top_syn.v", 4429: 

*Error* view \**SEQGEN** is not defined for instance \Register_reg[1][26]
"Single_Cycle_Top_syn.v", 4433: 

*Error* view \**SEQGEN** is not defined for instance \Register_reg[1][25]
"Single_Cycle_Top_syn.v", 4437: 

*Error* view \**SEQGEN** is not defined for instance \Register_reg[1][24]
"Single_Cycle_Top_syn.v", 4441: 

*Error* view \**SEQGEN** is not defined for instance \Register_reg[1][23]
"Single_Cycle_Top_syn.v", 4445: 

*Error* view \**SEQGEN** is not defined for instance \Register_reg[1][22]
"Single_Cycle_Top_syn.v", 4449: 

*Error* view \**SEQGEN** is not defined for instance \Register_reg[1][21]
"Single_Cycle_Top_syn.v", 4453: 

*Error* view \**SEQGEN** is not defined for instance \Register_reg[1][20]
"Single_Cycle_Top_syn.v", 4457: 

*Error* view \**SEQGEN** is not defined for instance \Register_reg[1][19]
"Single_Cycle_Top_syn.v", 4461: 

*Error* view \**SEQGEN** is not defined for instance \Register_reg[1][18]
"Single_Cycle_Top_syn.v", 4465: 

*Error* view \**SEQGEN** is not defined for instance \Register_reg[1][17]
"Single_Cycle_Top_syn.v", 4469: 

*Error* view \**SEQGEN** is not defined for instance \Register_reg[1][16]
"Single_Cycle_Top_syn.v", 4473: 

*Error* view \**SEQGEN** is not defined for instance \Register_reg[1][15]
"Single_Cycle_Top_syn.v", 4477: 

*Error* view \**SEQGEN** is not defined for instance \Register_reg[1][14]
"Single_Cycle_Top_syn.v", 4481: 

*Error* view \**SEQGEN** is not defined for instance \Register_reg[1][13]
"Single_Cycle_Top_syn.v", 4485: 

*Error* view \**SEQGEN** is not defined for instance \Register_reg[1][12]
"Single_Cycle_Top_syn.v", 4489: 

*Error* view \**SEQGEN** is not defined for instance \Register_reg[1][11]
"Single_Cycle_Top_syn.v", 4493: 

*Error* view \**SEQGEN** is not defined for instance \Register_reg[1][10]
"Single_Cycle_Top_syn.v", 4497: 

*Error* view \**SEQGEN** is not defined for instance \Register_reg[1][9]
"Single_Cycle_Top_syn.v", 4501: 

*Error* view \**SEQGEN** is not defined for instance \Register_reg[1][8]
"Single_Cycle_Top_syn.v", 4505: 

*Error* view \**SEQGEN** is not defined for instance \Register_reg[1][7]
"Single_Cycle_Top_syn.v", 4509: 

*Error* view \**SEQGEN** is not defined for instance \Register_reg[1][6]
"Single_Cycle_Top_syn.v", 4513: 

*Error* view \**SEQGEN** is not defined for instance \Register_reg[1][5]
"Single_Cycle_Top_syn.v", 4517: 

*Error* view \**SEQGEN** is not defined for instance \Register_reg[1][4]
"Single_Cycle_Top_syn.v", 4521: 

*Error* view \**SEQGEN** is not defined for instance \Register_reg[1][3]
"Single_Cycle_Top_syn.v", 4525: 

*Error* view \**SEQGEN** is not defined for instance \Register_reg[1][2]
"Single_Cycle_Top_syn.v", 4529: 

*Error* view \**SEQGEN** is not defined for instance \Register_reg[1][1]
"Single_Cycle_Top_syn.v", 4533: 

*Error* view \**SEQGEN** is not defined for instance \Register_reg[1][0]
"Single_Cycle_Top_syn.v", 4537: 

*Error* view \**SEQGEN** is not defined for instance \Register_reg[0][31]
"Single_Cycle_Top_syn.v", 4541: 

*Error* view \**SEQGEN** is not defined for instance \Register_reg[0][30]
"Single_Cycle_Top_syn.v", 4545: 

*Error* view \**SEQGEN** is not defined for instance \Register_reg[0][29]
"Single_Cycle_Top_syn.v", 4549: 

*Error* view \**SEQGEN** is not defined for instance \Register_reg[0][28]
"Single_Cycle_Top_syn.v", 4553: 

*Error* view \**SEQGEN** is not defined for instance \Register_reg[0][27]
"Single_Cycle_Top_syn.v", 4557: 

*Error* view \**SEQGEN** is not defined for instance \Register_reg[0][26]
"Single_Cycle_Top_syn.v", 4561: 

*Error* view \**SEQGEN** is not defined for instance \Register_reg[0][25]
"Single_Cycle_Top_syn.v", 4565: 

*Error* view \**SEQGEN** is not defined for instance \Register_reg[0][24]
"Single_Cycle_Top_syn.v", 4569: 

*Error* view \**SEQGEN** is not defined for instance \Register_reg[0][23]
"Single_Cycle_Top_syn.v", 4573: 

*Error* view \**SEQGEN** is not defined for instance \Register_reg[0][22]
"Single_Cycle_Top_syn.v", 4577: 

*Error* view \**SEQGEN** is not defined for instance \Register_reg[0][21]
"Single_Cycle_Top_syn.v", 4581: 

*Error* view \**SEQGEN** is not defined for instance \Register_reg[0][20]
"Single_Cycle_Top_syn.v", 4585: 

*Error* view \**SEQGEN** is not defined for instance \Register_reg[0][19]
"Single_Cycle_Top_syn.v", 4589: 

*Error* view \**SEQGEN** is not defined for instance \Register_reg[0][18]
"Single_Cycle_Top_syn.v", 4593: 

*Error* view \**SEQGEN** is not defined for instance \Register_reg[0][17]
"Single_Cycle_Top_syn.v", 4597: 

*Error* view \**SEQGEN** is not defined for instance \Register_reg[0][16]
"Single_Cycle_Top_syn.v", 4601: 

*Error* view \**SEQGEN** is not defined for instance \Register_reg[0][15]
"Single_Cycle_Top_syn.v", 4605: 

*Error* view \**SEQGEN** is not defined for instance \Register_reg[0][14]
"Single_Cycle_Top_syn.v", 4609: 

*Error* view \**SEQGEN** is not defined for instance \Register_reg[0][13]
"Single_Cycle_Top_syn.v", 4613: 

*Error* view \**SEQGEN** is not defined for instance \Register_reg[0][12]
"Single_Cycle_Top_syn.v", 4617: 

*Error* view \**SEQGEN** is not defined for instance \Register_reg[0][11]
"Single_Cycle_Top_syn.v", 4621: 

*Error* view \**SEQGEN** is not defined for instance \Register_reg[0][10]
"Single_Cycle_Top_syn.v", 4625: 

*Error* view \**SEQGEN** is not defined for instance \Register_reg[0][9]
"Single_Cycle_Top_syn.v", 4629: 

*Error* view \**SEQGEN** is not defined for instance \Register_reg[0][8]
"Single_Cycle_Top_syn.v", 4633: 

*Error* view \**SEQGEN** is not defined for instance \Register_reg[0][7]
"Single_Cycle_Top_syn.v", 4637: 

*Error* view \**SEQGEN** is not defined for instance \Register_reg[0][6]
"Single_Cycle_Top_syn.v", 4641: 

*Error* view \**SEQGEN** is not defined for instance \Register_reg[0][5]
"Single_Cycle_Top_syn.v", 4645: 

*Error* view \**SEQGEN** is not defined for instance \Register_reg[0][4]
"Single_Cycle_Top_syn.v", 4649: 

*Error* view \**SEQGEN** is not defined for instance \Register_reg[0][3]
"Single_Cycle_Top_syn.v", 4653: 

*Error* view \**SEQGEN** is not defined for instance \Register_reg[0][2]
"Single_Cycle_Top_syn.v", 4657: 

*Error* view \**SEQGEN** is not defined for instance \Register_reg[0][1]
"Single_Cycle_Top_syn.v", 4661: 

*Error* view \**SEQGEN** is not defined for instance \Register_reg[0][0]
"Single_Cycle_Top_syn.v", 4665: 

*Error* view GTECH_OR2 is not defined for instance C2147
"Single_Cycle_Top_syn.v", 4669: 

*Error* view GTECH_OR2 is not defined for instance C2148
"Single_Cycle_Top_syn.v", 4670: 

*Error* view GTECH_OR2 is not defined for instance C2149
"Single_Cycle_Top_syn.v", 4671: 

*Error* view GTECH_OR2 is not defined for instance C2150
"Single_Cycle_Top_syn.v", 4672: 

*Error* view GTECH_OR2 is not defined for instance C2157
"Single_Cycle_Top_syn.v", 4674: 

*Error* view GTECH_OR2 is not defined for instance C2163
"Single_Cycle_Top_syn.v", 4676: 

*Error* view GTECH_OR2 is not defined for instance C2164
"Single_Cycle_Top_syn.v", 4677: 

*Error* view GTECH_OR2 is not defined for instance C2226
"Single_Cycle_Top_syn.v", 5456: 

*Error* view GTECH_OR2 is not defined for instance C2227
"Single_Cycle_Top_syn.v", 5457: 

*Error* view GTECH_NOT is not defined for instance I_0
"Single_Cycle_Top_syn.v", 4673: 

*Error* view GTECH_NOT is not defined for instance I_1
"Single_Cycle_Top_syn.v", 4675: 

*Error* view GTECH_NOT is not defined for instance I_2
"Single_Cycle_Top_syn.v", 4680: 

*Error* view GTECH_NOT is not defined for instance I_3
"Single_Cycle_Top_syn.v", 4682: 

*Error* view GTECH_NOT is not defined for instance I_4
"Single_Cycle_Top_syn.v", 4684: 

*Error* view GTECH_NOT is not defined for instance I_5
"Single_Cycle_Top_syn.v", 4685: 

*Error* view GTECH_NOT is not defined for instance I_6
"Single_Cycle_Top_syn.v", 4686: 

*Error* view GTECH_NOT is not defined for instance I_7
"Single_Cycle_Top_syn.v", 4689: 

*Error* view GTECH_NOT is not defined for instance I_8
"Single_Cycle_Top_syn.v", 4691: 

*Error* view GTECH_NOT is not defined for instance I_9
"Single_Cycle_Top_syn.v", 4693: 

*Error* view GTECH_NOT is not defined for instance I_10
"Single_Cycle_Top_syn.v", 4694: 

*Error* view GTECH_NOT is not defined for instance I_11
"Single_Cycle_Top_syn.v", 5454: 

*Error* view GTECH_NOT is not defined for instance I_12
"Single_Cycle_Top_syn.v", 5458: 

*Error* view GTECH_NOT is not defined for instance I_13
"Single_Cycle_Top_syn.v", 5459: 

*Error* view GTECH_AND2 is not defined for instance C2167
"Single_Cycle_Top_syn.v", 4678: 

*Error* view GTECH_AND2 is not defined for instance C2168
"Single_Cycle_Top_syn.v", 4679: 

*Error* view GTECH_AND2 is not defined for instance C2169
"Single_Cycle_Top_syn.v", 4681: 

*Error* view GTECH_AND2 is not defined for instance C2170
"Single_Cycle_Top_syn.v", 4683: 

*Error* view GTECH_AND2 is not defined for instance C2172
"Single_Cycle_Top_syn.v", 4687: 

*Error* view GTECH_AND2 is not defined for instance C2173
"Single_Cycle_Top_syn.v", 4688: 

*Error* view GTECH_AND2 is not defined for instance C2174
"Single_Cycle_Top_syn.v", 4690: 

*Error* view GTECH_AND2 is not defined for instance C2175
"Single_Cycle_Top_syn.v", 4692: 

*Error* view GTECH_AND2 is not defined for instance C2176
"Single_Cycle_Top_syn.v", 4695: 

*Error* view GTECH_AND2 is not defined for instance C2177
"Single_Cycle_Top_syn.v", 4696: 

*Error* view GTECH_AND2 is not defined for instance C2178
"Single_Cycle_Top_syn.v", 4697: 

*Error* view GTECH_AND2 is not defined for instance C2179
"Single_Cycle_Top_syn.v", 4698: 

*Error* view GTECH_AND2 is not defined for instance C2180
"Single_Cycle_Top_syn.v", 4699: 

*Error* view GTECH_AND2 is not defined for instance C2181
"Single_Cycle_Top_syn.v", 4700: 

*Error* view GTECH_AND2 is not defined for instance C2182
"Single_Cycle_Top_syn.v", 4701: 

*Error* view GTECH_AND2 is not defined for instance C2183
"Single_Cycle_Top_syn.v", 4702: 

*Error* view GTECH_AND2 is not defined for instance C2184
"Single_Cycle_Top_syn.v", 4703: 

*Error* view GTECH_AND2 is not defined for instance C2185
"Single_Cycle_Top_syn.v", 4704: 

*Error* view GTECH_AND2 is not defined for instance C2186
"Single_Cycle_Top_syn.v", 4705: 

*Error* view GTECH_AND2 is not defined for instance C2187
"Single_Cycle_Top_syn.v", 4706: 

*Error* view GTECH_AND2 is not defined for instance C2188
"Single_Cycle_Top_syn.v", 4707: 

*Error* view GTECH_AND2 is not defined for instance C2189
"Single_Cycle_Top_syn.v", 4708: 

*Error* view GTECH_AND2 is not defined for instance C2190
"Single_Cycle_Top_syn.v", 4709: 

*Error* view GTECH_AND2 is not defined for instance C2191
"Single_Cycle_Top_syn.v", 4710: 

*Error* view GTECH_AND2 is not defined for instance C2192
"Single_Cycle_Top_syn.v", 4711: 

*Error* view GTECH_AND2 is not defined for instance C2193
"Single_Cycle_Top_syn.v", 4712: 

*Error* view GTECH_AND2 is not defined for instance C2194
"Single_Cycle_Top_syn.v", 4713: 

*Error* view GTECH_AND2 is not defined for instance C2195
"Single_Cycle_Top_syn.v", 4714: 

*Error* view GTECH_AND2 is not defined for instance C2196
"Single_Cycle_Top_syn.v", 4715: 

*Error* view GTECH_AND2 is not defined for instance C2197
"Single_Cycle_Top_syn.v", 4716: 

*Error* view GTECH_AND2 is not defined for instance C2198
"Single_Cycle_Top_syn.v", 4717: 

*Error* view GTECH_AND2 is not defined for instance C2199
"Single_Cycle_Top_syn.v", 4718: 

*Error* view GTECH_AND2 is not defined for instance C2200
"Single_Cycle_Top_syn.v", 4719: 

*Error* view GTECH_AND2 is not defined for instance C2201
"Single_Cycle_Top_syn.v", 4720: 

*Error* view GTECH_AND2 is not defined for instance C2202
"Single_Cycle_Top_syn.v", 4721: 

*Error* view GTECH_AND2 is not defined for instance C2203
"Single_Cycle_Top_syn.v", 4722: 

*Error* view GTECH_AND2 is not defined for instance C2204
"Single_Cycle_Top_syn.v", 4723: 

*Error* view GTECH_AND2 is not defined for instance C2205
"Single_Cycle_Top_syn.v", 4724: 

*Error* view GTECH_AND2 is not defined for instance C2206
"Single_Cycle_Top_syn.v", 4725: 

*Error* view GTECH_AND2 is not defined for instance C2207
"Single_Cycle_Top_syn.v", 4726: 

*Error* view GTECH_AND2 is not defined for instance C2208
"Single_Cycle_Top_syn.v", 4727: 

*Error* view GTECH_AND2 is not defined for instance C2209
"Single_Cycle_Top_syn.v", 4728: 

*Error* view GTECH_AND2 is not defined for instance C2210
"Single_Cycle_Top_syn.v", 4729: 

*Error* view GTECH_AND2 is not defined for instance C2211
"Single_Cycle_Top_syn.v", 4730: 

*Error* view GTECH_AND2 is not defined for instance C2212
"Single_Cycle_Top_syn.v", 4731: 

*Error* view GTECH_AND2 is not defined for instance C2213
"Single_Cycle_Top_syn.v", 4732: 

*Error* view GTECH_AND2 is not defined for instance C2214
"Single_Cycle_Top_syn.v", 4733: 

*Error* view GTECH_AND2 is not defined for instance C2215
"Single_Cycle_Top_syn.v", 4734: 

*Error* view GTECH_AND2 is not defined for instance C2225
"Single_Cycle_Top_syn.v", 5455: 

*Error* view SELECT_OP is not defined for instance C2216
"Single_Cycle_Top_syn.v", 4735: 

*Error* view SELECT_OP is not defined for instance C2217
"Single_Cycle_Top_syn.v", 4745: 

*Error* view SELECT_OP is not defined for instance C2218
"Single_Cycle_Top_syn.v", 4752: 

*Error* view SELECT_OP is not defined for instance C2219
"Single_Cycle_Top_syn.v", 4760: 

*Error* view GTECH_BUF is not defined for instance B_0
"Single_Cycle_Top_syn.v", 4744: 

*Error* view GTECH_BUF is not defined for instance B_1
"Single_Cycle_Top_syn.v", 4758: 

*Error* view GTECH_BUF is not defined for instance B_2
"Single_Cycle_Top_syn.v", 4759: 

*Error* view GTECH_BUF is not defined for instance B_3
"Single_Cycle_Top_syn.v", 5105: 

*Error* view GTECH_BUF is not defined for instance B_4
"Single_Cycle_Top_syn.v", 5106: 

*Error* view GTECH_BUF is not defined for instance B_5
"Single_Cycle_Top_syn.v", 5107: 

*Error* view GTECH_BUF is not defined for instance B_6
"Single_Cycle_Top_syn.v", 5108: 

*Error* view GTECH_BUF is not defined for instance B_7
"Single_Cycle_Top_syn.v", 5109: 

*Error* view GTECH_BUF is not defined for instance B_8
"Single_Cycle_Top_syn.v", 5449: 

*Error* view GTECH_BUF is not defined for instance B_9
"Single_Cycle_Top_syn.v", 5450: 

*Error* view GTECH_BUF is not defined for instance B_10
"Single_Cycle_Top_syn.v", 5451: 

*Error* view GTECH_BUF is not defined for instance B_11
"Single_Cycle_Top_syn.v", 5452: 

*Error* view GTECH_BUF is not defined for instance B_12
"Single_Cycle_Top_syn.v", 5453: 

*Error* view MUX_OP is not defined for instance C2220
"Single_Cycle_Top_syn.v", 4766: 

*Error* view MUX_OP is not defined for instance C2221
"Single_Cycle_Top_syn.v", 5110: 

*Error* view GTECH_NOT is not defined for instance I_0
"Single_Cycle_Top_syn.v", 5482: 

*Error* view GTECH_NOT is not defined for instance I_1
"Single_Cycle_Top_syn.v", 5484: 

*Error* view GTECH_NOT is not defined for instance I_2
"Single_Cycle_Top_syn.v", 5485: 

*Error* view GTECH_NOT is not defined for instance I_3
"Single_Cycle_Top_syn.v", 5487: 

*Error* view GTECH_OR2 is not defined for instance C38
"Single_Cycle_Top_syn.v", 5483: 

*Error* view GTECH_OR2 is not defined for instance C41
"Single_Cycle_Top_syn.v", 5486: 

*Error* view GTECH_OR2 is not defined for instance C46
"Single_Cycle_Top_syn.v", 5504: 

*Error* view SELECT_OP is not defined for instance C43
"Single_Cycle_Top_syn.v", 5488: 

*Error* view GTECH_BUF is not defined for instance B_0
"Single_Cycle_Top_syn.v", 5501: 

*Error* view GTECH_BUF is not defined for instance B_1
"Single_Cycle_Top_syn.v", 5502: 

*Error* view GTECH_BUF is not defined for instance B_2
"Single_Cycle_Top_syn.v", 5503: 

*Error* view GTECH_AND2 is not defined for instance C47
"Single_Cycle_Top_syn.v", 5505: 

*Error* view GTECH_AND2 is not defined for instance C48
"Single_Cycle_Top_syn.v", 5506: 

*Error* view SELECT_OP is not defined for instance C42
"Single_Cycle_Top_syn.v", 5954: 

*Error* view GTECH_BUF is not defined for instance B_0
"Single_Cycle_Top_syn.v", 5955: 

*Error* view GTECH_BUF is not defined for instance B_1
"Single_Cycle_Top_syn.v", 5956: 

*Error* view GTECH_NOT is not defined for instance I_0
"Single_Cycle_Top_syn.v", 5957: 

*Error* view DW01_addsub is not defined for instance DW01_addsub_inst
"Single_Cycle_Top_syn.v", 5532: 

*Error* view GTECH_OR2 is not defined for instance C117
"Single_Cycle_Top_syn.v", 5534: 

*Error* view GTECH_OR2 is not defined for instance C118
"Single_Cycle_Top_syn.v", 5535: 

*Error* view GTECH_OR2 is not defined for instance C122
"Single_Cycle_Top_syn.v", 5538: 

*Error* view GTECH_OR2 is not defined for instance C125
"Single_Cycle_Top_syn.v", 5541: 

*Error* view GTECH_OR2 is not defined for instance C126
"Single_Cycle_Top_syn.v", 5542: 

*Error* view GTECH_OR2 is not defined for instance C131
"Single_Cycle_Top_syn.v", 5545: 

*Error* view GTECH_OR2 is not defined for instance C135
"Single_Cycle_Top_syn.v", 5549: 

*Error* view GTECH_OR2 is not defined for instance C136
"Single_Cycle_Top_syn.v", 5550: 

*Error* view GTECH_OR2 is not defined for instance C141
"Single_Cycle_Top_syn.v", 5570: 

*Error* view GTECH_OR2 is not defined for instance C183
"Single_Cycle_Top_syn.v", 5606: 

*Error* view GTECH_OR2 is not defined for instance C184
"Single_Cycle_Top_syn.v", 5607: 

*Error* view GTECH_OR2 is not defined for instance C185
"Single_Cycle_Top_syn.v", 5608: 

*Error* view GTECH_OR2 is not defined for instance C186
"Single_Cycle_Top_syn.v", 5609: 

*Error* view GTECH_OR2 is not defined for instance C187
"Single_Cycle_Top_syn.v", 5610: 

*Error* view GTECH_OR2 is not defined for instance C188
"Single_Cycle_Top_syn.v", 5611: 

*Error* view GTECH_OR2 is not defined for instance C189
"Single_Cycle_Top_syn.v", 5612: 

*Error* view GTECH_OR2 is not defined for instance C190
"Single_Cycle_Top_syn.v", 5613: 

*Error* view GTECH_OR2 is not defined for instance C191
"Single_Cycle_Top_syn.v", 5614: 

*Error* view GTECH_OR2 is not defined for instance C192
"Single_Cycle_Top_syn.v", 5615: 

*Error* view GTECH_OR2 is not defined for instance C193
"Single_Cycle_Top_syn.v", 5616: 

*Error* view GTECH_OR2 is not defined for instance C194
"Single_Cycle_Top_syn.v", 5617: 

*Error* view GTECH_OR2 is not defined for instance C195
"Single_Cycle_Top_syn.v", 5618: 

*Error* view GTECH_OR2 is not defined for instance C196
"Single_Cycle_Top_syn.v", 5619: 

*Error* view GTECH_OR2 is not defined for instance C197
"Single_Cycle_Top_syn.v", 5620: 

*Error* view GTECH_OR2 is not defined for instance C198
"Single_Cycle_Top_syn.v", 5621: 

*Error* view GTECH_OR2 is not defined for instance C199
"Single_Cycle_Top_syn.v", 5622: 

*Error* view GTECH_OR2 is not defined for instance C200
"Single_Cycle_Top_syn.v", 5623: 

*Error* view GTECH_OR2 is not defined for instance C201
"Single_Cycle_Top_syn.v", 5624: 

*Error* view GTECH_OR2 is not defined for instance C202
"Single_Cycle_Top_syn.v", 5625: 

*Error* view GTECH_OR2 is not defined for instance C203
"Single_Cycle_Top_syn.v", 5626: 

*Error* view GTECH_OR2 is not defined for instance C204
"Single_Cycle_Top_syn.v", 5627: 

*Error* view GTECH_OR2 is not defined for instance C205
"Single_Cycle_Top_syn.v", 5628: 

*Error* view GTECH_OR2 is not defined for instance C206
"Single_Cycle_Top_syn.v", 5629: 

*Error* view GTECH_OR2 is not defined for instance C207
"Single_Cycle_Top_syn.v", 5630: 

*Error* view GTECH_OR2 is not defined for instance C208
"Single_Cycle_Top_syn.v", 5631: 

*Error* view GTECH_OR2 is not defined for instance C209
"Single_Cycle_Top_syn.v", 5632: 

*Error* view GTECH_OR2 is not defined for instance C210
"Single_Cycle_Top_syn.v", 5633: 

*Error* view GTECH_OR2 is not defined for instance C211
"Single_Cycle_Top_syn.v", 5634: 

*Error* view GTECH_OR2 is not defined for instance C212
"Single_Cycle_Top_syn.v", 5635: 

*Error* view GTECH_OR2 is not defined for instance C213
"Single_Cycle_Top_syn.v", 5636: 

*Error* view GTECH_OR2 is not defined for instance C214
"Single_Cycle_Top_syn.v", 5637: 

*Error* view GTECH_NOT is not defined for instance I_0
"Single_Cycle_Top_syn.v", 5536: 

*Error* view GTECH_NOT is not defined for instance I_1
"Single_Cycle_Top_syn.v", 5537: 

*Error* view GTECH_NOT is not defined for instance I_2
"Single_Cycle_Top_syn.v", 5539: 

*Error* view GTECH_NOT is not defined for instance I_3
"Single_Cycle_Top_syn.v", 5540: 

*Error* view GTECH_NOT is not defined for instance I_4
"Single_Cycle_Top_syn.v", 5543: 

*Error* view GTECH_NOT is not defined for instance I_5
"Single_Cycle_Top_syn.v", 5544: 

*Error* view GTECH_NOT is not defined for instance I_6
"Single_Cycle_Top_syn.v", 5546: 

*Error* view GTECH_NOT is not defined for instance I_7
"Single_Cycle_Top_syn.v", 5547: 

*Error* view GTECH_NOT is not defined for instance I_8
"Single_Cycle_Top_syn.v", 5548: 

*Error* view GTECH_NOT is not defined for instance I_9
"Single_Cycle_Top_syn.v", 5551: 

*Error* view GTECH_NOT is not defined for instance I_10
"Single_Cycle_Top_syn.v", 5573: 

*Error* view GTECH_NOT is not defined for instance I_11
"Single_Cycle_Top_syn.v", 5641: 

*Error* view GTECH_NOT is not defined for instance I_12
"Single_Cycle_Top_syn.v", 5676: 

*Error* view GTECH_NOT is not defined for instance I_13
"Single_Cycle_Top_syn.v", 5677: 

*Error* view GTECH_NOT is not defined for instance I_14
"Single_Cycle_Top_syn.v", 5678: 

*Error* view GTECH_NOT is not defined for instance I_15
"Single_Cycle_Top_syn.v", 5679: 

*Error* view GTECH_NOT is not defined for instance I_16
"Single_Cycle_Top_syn.v", 5680: 

*Error* view GTECH_NOT is not defined for instance I_17
"Single_Cycle_Top_syn.v", 5681: 

*Error* view GTECH_NOT is not defined for instance I_18
"Single_Cycle_Top_syn.v", 5682: 

*Error* view GTECH_NOT is not defined for instance I_19
"Single_Cycle_Top_syn.v", 5683: 

*Error* view GTECH_NOT is not defined for instance I_20
"Single_Cycle_Top_syn.v", 5684: 

*Error* view GTECH_NOT is not defined for instance I_21
"Single_Cycle_Top_syn.v", 5685: 

*Error* view GTECH_NOT is not defined for instance I_22
"Single_Cycle_Top_syn.v", 5686: 

*Error* view GTECH_NOT is not defined for instance I_23
"Single_Cycle_Top_syn.v", 5687: 

*Error* view GTECH_NOT is not defined for instance I_24
"Single_Cycle_Top_syn.v", 5688: 

*Error* view GTECH_NOT is not defined for instance I_25
"Single_Cycle_Top_syn.v", 5689: 

*Error* view GTECH_NOT is not defined for instance I_26
"Single_Cycle_Top_syn.v", 5690: 

*Error* view GTECH_NOT is not defined for instance I_27
"Single_Cycle_Top_syn.v", 5691: 

*Error* view GTECH_NOT is not defined for instance I_28
"Single_Cycle_Top_syn.v", 5692: 

*Error* view GTECH_NOT is not defined for instance I_29
"Single_Cycle_Top_syn.v", 5693: 

*Error* view GTECH_NOT is not defined for instance I_30
"Single_Cycle_Top_syn.v", 5694: 

*Error* view GTECH_NOT is not defined for instance I_31
"Single_Cycle_Top_syn.v", 5695: 

*Error* view GTECH_NOT is not defined for instance I_32
"Single_Cycle_Top_syn.v", 5696: 

*Error* view GTECH_NOT is not defined for instance I_33
"Single_Cycle_Top_syn.v", 5697: 

*Error* view GTECH_NOT is not defined for instance I_34
"Single_Cycle_Top_syn.v", 5698: 

*Error* view GTECH_NOT is not defined for instance I_35
"Single_Cycle_Top_syn.v", 5699: 

*Error* view GTECH_NOT is not defined for instance I_36
"Single_Cycle_Top_syn.v", 5700: 

*Error* view GTECH_NOT is not defined for instance I_37
"Single_Cycle_Top_syn.v", 5701: 

*Error* view GTECH_NOT is not defined for instance I_38
"Single_Cycle_Top_syn.v", 5702: 

*Error* view GTECH_NOT is not defined for instance I_39
"Single_Cycle_Top_syn.v", 5703: 

*Error* view GTECH_NOT is not defined for instance I_40
"Single_Cycle_Top_syn.v", 5704: 

*Error* view GTECH_NOT is not defined for instance I_41
"Single_Cycle_Top_syn.v", 5705: 

*Error* view GTECH_NOT is not defined for instance I_42
"Single_Cycle_Top_syn.v", 5706: 

*Error* view GTECH_NOT is not defined for instance I_43
"Single_Cycle_Top_syn.v", 5707: 

*Error* view SELECT_OP is not defined for instance C138
"Single_Cycle_Top_syn.v", 5552: 

*Error* view GTECH_BUF is not defined for instance B_0
"Single_Cycle_Top_syn.v", 5564: 

*Error* view GTECH_BUF is not defined for instance B_1
"Single_Cycle_Top_syn.v", 5565: 

*Error* view GTECH_BUF is not defined for instance B_2
"Single_Cycle_Top_syn.v", 5566: 

*Error* view GTECH_BUF is not defined for instance B_3
"Single_Cycle_Top_syn.v", 5567: 

*Error* view GTECH_BUF is not defined for instance B_4
"Single_Cycle_Top_syn.v", 5568: 

*Error* view GTECH_BUF is not defined for instance B_5
"Single_Cycle_Top_syn.v", 5569: 

*Error* view GTECH_AND2 is not defined for instance C142
"Single_Cycle_Top_syn.v", 5571: 

*Error* view GTECH_AND2 is not defined for instance C143
"Single_Cycle_Top_syn.v", 5572: 

*Error* view GTECH_AND2 is not defined for instance C151
"Single_Cycle_Top_syn.v", 5574: 

*Error* view GTECH_AND2 is not defined for instance C152
"Single_Cycle_Top_syn.v", 5575: 

*Error* view GTECH_AND2 is not defined for instance C153
"Single_Cycle_Top_syn.v", 5576: 

*Error* view GTECH_AND2 is not defined for instance C154
"Single_Cycle_Top_syn.v", 5577: 

*Error* view GTECH_AND2 is not defined for instance C155
"Single_Cycle_Top_syn.v", 5578: 

*Error* view GTECH_AND2 is not defined for instance C156
"Single_Cycle_Top_syn.v", 5579: 

*Error* view GTECH_AND2 is not defined for instance C157
"Single_Cycle_Top_syn.v", 5580: 

*Error* view GTECH_AND2 is not defined for instance C158
"Single_Cycle_Top_syn.v", 5581: 

*Error* view GTECH_AND2 is not defined for instance C159
"Single_Cycle_Top_syn.v", 5582: 

*Error* view GTECH_AND2 is not defined for instance C160
"Single_Cycle_Top_syn.v", 5583: 

*Error* view GTECH_AND2 is not defined for instance C161
"Single_Cycle_Top_syn.v", 5584: 

*Error* view GTECH_AND2 is not defined for instance C162
"Single_Cycle_Top_syn.v", 5585: 

*Error* view GTECH_AND2 is not defined for instance C163
"Single_Cycle_Top_syn.v", 5586: 

*Error* view GTECH_AND2 is not defined for instance C164
"Single_Cycle_Top_syn.v", 5587: 

*Error* view GTECH_AND2 is not defined for instance C165
"Single_Cycle_Top_syn.v", 5588: 

*Error* view GTECH_AND2 is not defined for instance C166
"Single_Cycle_Top_syn.v", 5589: 

*Error* view GTECH_AND2 is not defined for instance C167
"Single_Cycle_Top_syn.v", 5590: 

*Error* view GTECH_AND2 is not defined for instance C168
"Single_Cycle_Top_syn.v", 5591: 

*Error* view GTECH_AND2 is not defined for instance C169
"Single_Cycle_Top_syn.v", 5592: 

*Error* view GTECH_AND2 is not defined for instance C170
"Single_Cycle_Top_syn.v", 5593: 

*Error* view GTECH_AND2 is not defined for instance C171
"Single_Cycle_Top_syn.v", 5594: 

*Error* view GTECH_AND2 is not defined for instance C172
"Single_Cycle_Top_syn.v", 5595: 

*Error* view GTECH_AND2 is not defined for instance C173
"Single_Cycle_Top_syn.v", 5596: 

*Error* view GTECH_AND2 is not defined for instance C174
"Single_Cycle_Top_syn.v", 5597: 

*Error* view GTECH_AND2 is not defined for instance C175
"Single_Cycle_Top_syn.v", 5598: 

*Error* view GTECH_AND2 is not defined for instance C176
"Single_Cycle_Top_syn.v", 5599: 

*Error* view GTECH_AND2 is not defined for instance C177
"Single_Cycle_Top_syn.v", 5600: 

*Error* view GTECH_AND2 is not defined for instance C178
"Single_Cycle_Top_syn.v", 5601: 

*Error* view GTECH_AND2 is not defined for instance C179
"Single_Cycle_Top_syn.v", 5602: 

*Error* view GTECH_AND2 is not defined for instance C180
"Single_Cycle_Top_syn.v", 5603: 

*Error* view GTECH_AND2 is not defined for instance C181
"Single_Cycle_Top_syn.v", 5604: 

*Error* view GTECH_AND2 is not defined for instance C182
"Single_Cycle_Top_syn.v", 5605: 

*Error* view GTECH_AND2 is not defined for instance C215
"Single_Cycle_Top_syn.v", 5638: 

*Error* view GTECH_AND2 is not defined for instance C216
"Single_Cycle_Top_syn.v", 5639: 

*Error* view GTECH_AND2 is not defined for instance C222
"Single_Cycle_Top_syn.v", 5644: 

*Error* view GTECH_AND2 is not defined for instance C224
"Single_Cycle_Top_syn.v", 5645: 

*Error* view GTECH_AND2 is not defined for instance C225
"Single_Cycle_Top_syn.v", 5646: 

*Error* view GTECH_AND2 is not defined for instance C226
"Single_Cycle_Top_syn.v", 5647: 

*Error* view GTECH_AND2 is not defined for instance C227
"Single_Cycle_Top_syn.v", 5648: 

*Error* view GTECH_AND2 is not defined for instance C228
"Single_Cycle_Top_syn.v", 5649: 

*Error* view GTECH_AND2 is not defined for instance C229
"Single_Cycle_Top_syn.v", 5650: 

*Error* view GTECH_AND2 is not defined for instance C230
"Single_Cycle_Top_syn.v", 5651: 

*Error* view GTECH_AND2 is not defined for instance C231
"Single_Cycle_Top_syn.v", 5652: 

*Error* view GTECH_AND2 is not defined for instance C232
"Single_Cycle_Top_syn.v", 5653: 

*Error* view GTECH_AND2 is not defined for instance C233
"Single_Cycle_Top_syn.v", 5654: 

*Error* view GTECH_AND2 is not defined for instance C234
"Single_Cycle_Top_syn.v", 5655: 

*Error* view GTECH_AND2 is not defined for instance C235
"Single_Cycle_Top_syn.v", 5656: 

*Error* view GTECH_AND2 is not defined for instance C236
"Single_Cycle_Top_syn.v", 5657: 

*Error* view GTECH_AND2 is not defined for instance C237
"Single_Cycle_Top_syn.v", 5658: 

*Error* view GTECH_AND2 is not defined for instance C238
"Single_Cycle_Top_syn.v", 5659: 

*Error* view GTECH_AND2 is not defined for instance C239
"Single_Cycle_Top_syn.v", 5660: 

*Error* view GTECH_AND2 is not defined for instance C240
"Single_Cycle_Top_syn.v", 5661: 

*Error* view GTECH_AND2 is not defined for instance C241
"Single_Cycle_Top_syn.v", 5662: 

*Error* view GTECH_AND2 is not defined for instance C242
"Single_Cycle_Top_syn.v", 5663: 

*Error* view GTECH_AND2 is not defined for instance C243
"Single_Cycle_Top_syn.v", 5664: 

*Error* view GTECH_AND2 is not defined for instance C244
"Single_Cycle_Top_syn.v", 5665: 

*Error* view GTECH_AND2 is not defined for instance C245
"Single_Cycle_Top_syn.v", 5666: 

*Error* view GTECH_AND2 is not defined for instance C246
"Single_Cycle_Top_syn.v", 5667: 

*Error* view GTECH_AND2 is not defined for instance C247
"Single_Cycle_Top_syn.v", 5668: 

*Error* view GTECH_AND2 is not defined for instance C248
"Single_Cycle_Top_syn.v", 5669: 

*Error* view GTECH_AND2 is not defined for instance C249
"Single_Cycle_Top_syn.v", 5670: 

*Error* view GTECH_AND2 is not defined for instance C250
"Single_Cycle_Top_syn.v", 5671: 

*Error* view GTECH_AND2 is not defined for instance C251
"Single_Cycle_Top_syn.v", 5672: 

*Error* view GTECH_AND2 is not defined for instance C252
"Single_Cycle_Top_syn.v", 5673: 

*Error* view GTECH_AND2 is not defined for instance C253
"Single_Cycle_Top_syn.v", 5674: 

*Error* view GTECH_AND2 is not defined for instance C254
"Single_Cycle_Top_syn.v", 5675: 

*Error* view GTECH_XOR2 is not defined for instance C217
"Single_Cycle_Top_syn.v", 5640: 

*Error* view GTECH_XOR2 is not defined for instance C219
"Single_Cycle_Top_syn.v", 5642: 

*Error* view GTECH_XOR2 is not defined for instance C220
"Single_Cycle_Top_syn.v", 5643: 

*Error* view GTECH_OR2 is not defined for instance C85
"Single_Cycle_Top_syn.v", 5725: 

*Error* view GTECH_OR2 is not defined for instance C86
"Single_Cycle_Top_syn.v", 5726: 

*Error* view GTECH_OR2 is not defined for instance C87
"Single_Cycle_Top_syn.v", 5727: 

*Error* view GTECH_OR2 is not defined for instance C88
"Single_Cycle_Top_syn.v", 5728: 

*Error* view GTECH_OR2 is not defined for instance C89
"Single_Cycle_Top_syn.v", 5729: 

*Error* view GTECH_OR2 is not defined for instance C90
"Single_Cycle_Top_syn.v", 5730: 

*Error* view GTECH_OR2 is not defined for instance C96
"Single_Cycle_Top_syn.v", 5733: 

*Error* view GTECH_OR2 is not defined for instance C97
"Single_Cycle_Top_syn.v", 5734: 

*Error* view GTECH_OR2 is not defined for instance C98
"Single_Cycle_Top_syn.v", 5735: 

*Error* view GTECH_OR2 is not defined for instance C99
"Single_Cycle_Top_syn.v", 5736: 

*Error* view GTECH_OR2 is not defined for instance C100
"Single_Cycle_Top_syn.v", 5737: 

*Error* view GTECH_OR2 is not defined for instance C116
"Single_Cycle_Top_syn.v", 5740: 

*Error* view GTECH_OR2 is not defined for instance C117
"Single_Cycle_Top_syn.v", 5741: 

*Error* view GTECH_OR2 is not defined for instance C118
"Single_Cycle_Top_syn.v", 5742: 

*Error* view GTECH_OR2 is not defined for instance C119
"Single_Cycle_Top_syn.v", 5743: 

*Error* view GTECH_OR2 is not defined for instance C120
"Single_Cycle_Top_syn.v", 5744: 

*Error* view GTECH_OR2 is not defined for instance C121
"Single_Cycle_Top_syn.v", 5745: 

*Error* view GTECH_OR2 is not defined for instance C155
"Single_Cycle_Top_syn.v", 5748: 

*Error* view GTECH_OR2 is not defined for instance C156
"Single_Cycle_Top_syn.v", 5749: 

*Error* view GTECH_OR2 is not defined for instance C171
"Single_Cycle_Top_syn.v", 5752: 

*Error* view GTECH_OR2 is not defined for instance C198
"Single_Cycle_Top_syn.v", 5757: 

*Error* view GTECH_OR2 is not defined for instance C199
"Single_Cycle_Top_syn.v", 5758: 

*Error* view GTECH_OR2 is not defined for instance C200
"Single_Cycle_Top_syn.v", 5759: 

*Error* view GTECH_OR2 is not defined for instance C201
"Single_Cycle_Top_syn.v", 5760: 

*Error* view GTECH_OR2 is not defined for instance C202
"Single_Cycle_Top_syn.v", 5761: 

*Error* view GTECH_OR2 is not defined for instance C203
"Single_Cycle_Top_syn.v", 5762: 

*Error* view GTECH_OR2 is not defined for instance C210
"Single_Cycle_Top_syn.v", 5764: 

*Error* view GTECH_OR2 is not defined for instance C211
"Single_Cycle_Top_syn.v", 5765: 

*Error* view GTECH_OR2 is not defined for instance C212
"Single_Cycle_Top_syn.v", 5766: 

*Error* view GTECH_OR2 is not defined for instance C213
"Single_Cycle_Top_syn.v", 5767: 

*Error* view GTECH_OR2 is not defined for instance C214
"Single_Cycle_Top_syn.v", 5768: 

*Error* view GTECH_OR2 is not defined for instance C233
"Single_Cycle_Top_syn.v", 5788: 

*Error* view GTECH_OR2 is not defined for instance C237
"Single_Cycle_Top_syn.v", 5790: 

*Error* view GTECH_OR2 is not defined for instance C248
"Single_Cycle_Top_syn.v", 5799: 

*Error* view GTECH_OR2 is not defined for instance C250
"Single_Cycle_Top_syn.v", 5801: 

*Error* view GTECH_OR2 is not defined for instance C251
"Single_Cycle_Top_syn.v", 5802: 

*Error* view GTECH_NOT is not defined for instance I_0
"Single_Cycle_Top_syn.v", 5731: 

*Error* view GTECH_NOT is not defined for instance I_1
"Single_Cycle_Top_syn.v", 5732: 

*Error* view GTECH_NOT is not defined for instance I_2
"Single_Cycle_Top_syn.v", 5738: 

*Error* view GTECH_NOT is not defined for instance I_3
"Single_Cycle_Top_syn.v", 5739: 

*Error* view GTECH_NOT is not defined for instance I_4
"Single_Cycle_Top_syn.v", 5746: 

*Error* view GTECH_NOT is not defined for instance I_5
"Single_Cycle_Top_syn.v", 5747: 

*Error* view GTECH_NOT is not defined for instance I_6
"Single_Cycle_Top_syn.v", 5750: 

*Error* view GTECH_NOT is not defined for instance I_7
"Single_Cycle_Top_syn.v", 5751: 

*Error* view GTECH_NOT is not defined for instance I_8
"Single_Cycle_Top_syn.v", 5753: 

*Error* view GTECH_NOT is not defined for instance I_9
"Single_Cycle_Top_syn.v", 5754: 

*Error* view GTECH_NOT is not defined for instance I_10
"Single_Cycle_Top_syn.v", 5755: 

*Error* view GTECH_NOT is not defined for instance I_11
"Single_Cycle_Top_syn.v", 5756: 

*Error* view GTECH_NOT is not defined for instance I_12
"Single_Cycle_Top_syn.v", 5763: 

*Error* view GTECH_NOT is not defined for instance I_13
"Single_Cycle_Top_syn.v", 5769: 

*Error* view GTECH_NOT is not defined for instance I_14
"Single_Cycle_Top_syn.v", 5789: 

*Error* view GTECH_NOT is not defined for instance I_15
"Single_Cycle_Top_syn.v", 5791: 

*Error* view GTECH_NOT is not defined for instance I_16
"Single_Cycle_Top_syn.v", 5793: 

*Error* view GTECH_NOT is not defined for instance I_17
"Single_Cycle_Top_syn.v", 5800: 

*Error* view GTECH_NOT is not defined for instance I_18
"Single_Cycle_Top_syn.v", 5803: 

*Error* view SELECT_OP is not defined for instance C225
"Single_Cycle_Top_syn.v", 5770: 

*Error* view SELECT_OP is not defined for instance C226
"Single_Cycle_Top_syn.v", 5774: 

*Error* view SELECT_OP is not defined for instance C227
"Single_Cycle_Top_syn.v", 5778: 

*Error* view SELECT_OP is not defined for instance C228
"Single_Cycle_Top_syn.v", 5780: 

*Error* view SELECT_OP is not defined for instance C229
"Single_Cycle_Top_syn.v", 5784: 

*Error* view GTECH_BUF is not defined for instance B_0
"Single_Cycle_Top_syn.v", 5772: 

*Error* view GTECH_BUF is not defined for instance B_1
"Single_Cycle_Top_syn.v", 5773: 

*Error* view GTECH_BUF is not defined for instance B_2
"Single_Cycle_Top_syn.v", 5776: 

*Error* view GTECH_BUF is not defined for instance B_3
"Single_Cycle_Top_syn.v", 5777: 

*Error* view GTECH_BUF is not defined for instance B_4
"Single_Cycle_Top_syn.v", 5782: 

*Error* view GTECH_BUF is not defined for instance B_5
"Single_Cycle_Top_syn.v", 5783: 

*Error* view GTECH_BUF is not defined for instance B_6
"Single_Cycle_Top_syn.v", 5787: 

*Error* view GTECH_BUF is not defined for instance B_7
"Single_Cycle_Top_syn.v", 5792: 

*Error* view GTECH_BUF is not defined for instance B_8
"Single_Cycle_Top_syn.v", 5794: 

*Error* view GTECH_AND2 is not defined for instance C242
"Single_Cycle_Top_syn.v", 5795: 

*Error* view GTECH_AND2 is not defined for instance C243
"Single_Cycle_Top_syn.v", 5796: 

*Error* view GTECH_AND2 is not defined for instance C244
"Single_Cycle_Top_syn.v", 5797: 

*Error* view GTECH_AND2 is not defined for instance C245
"Single_Cycle_Top_syn.v", 5798: 

*Error* view GTECH_NOT is not defined for instance I_0
"Single_Cycle_Top_syn.v", 5818: 

*Error* view GTECH_NOT is not defined for instance I_1
"Single_Cycle_Top_syn.v", 5820: 

*Error* view GTECH_NOT is not defined for instance I_2
"Single_Cycle_Top_syn.v", 5823: 

*Error* view GTECH_NOT is not defined for instance I_3
"Single_Cycle_Top_syn.v", 5824: 

*Error* view GTECH_NOT is not defined for instance I_4
"Single_Cycle_Top_syn.v", 5827: 

*Error* view GTECH_NOT is not defined for instance I_5
"Single_Cycle_Top_syn.v", 5830: 

*Error* view GTECH_NOT is not defined for instance I_6
"Single_Cycle_Top_syn.v", 5833: 

*Error* view GTECH_NOT is not defined for instance I_7
"Single_Cycle_Top_syn.v", 5835: 

*Error* view GTECH_NOT is not defined for instance I_8
"Single_Cycle_Top_syn.v", 5836: 

*Error* view GTECH_NOT is not defined for instance I_9
"Single_Cycle_Top_syn.v", 5838: 

*Error* view GTECH_NOT is not defined for instance I_10
"Single_Cycle_Top_syn.v", 5840: 

*Error* view GTECH_NOT is not defined for instance I_11
"Single_Cycle_Top_syn.v", 5861: 

*Error* view GTECH_NOT is not defined for instance I_12
"Single_Cycle_Top_syn.v", 5865: 

*Error* view GTECH_NOT is not defined for instance I_13
"Single_Cycle_Top_syn.v", 5868: 

*Error* view GTECH_NOT is not defined for instance I_14
"Single_Cycle_Top_syn.v", 5871: 

*Error* view GTECH_NOT is not defined for instance I_15
"Single_Cycle_Top_syn.v", 5874: 

*Error* view GTECH_OR2 is not defined for instance C56
"Single_Cycle_Top_syn.v", 5819: 

*Error* view GTECH_OR2 is not defined for instance C65
"Single_Cycle_Top_syn.v", 5825: 

*Error* view GTECH_OR2 is not defined for instance C66
"Single_Cycle_Top_syn.v", 5826: 

*Error* view GTECH_OR2 is not defined for instance C72
"Single_Cycle_Top_syn.v", 5828: 

*Error* view GTECH_OR2 is not defined for instance C73
"Single_Cycle_Top_syn.v", 5829: 

*Error* view GTECH_OR2 is not defined for instance C78
"Single_Cycle_Top_syn.v", 5831: 

*Error* view GTECH_OR2 is not defined for instance C79
"Single_Cycle_Top_syn.v", 5832: 

*Error* view GTECH_OR2 is not defined for instance C91
"Single_Cycle_Top_syn.v", 5837: 

*Error* view GTECH_OR2 is not defined for instance C93
"Single_Cycle_Top_syn.v", 5839: 

*Error* view GTECH_OR2 is not defined for instance C112
"Single_Cycle_Top_syn.v", 5855: 

*Error* view GTECH_OR2 is not defined for instance C113
"Single_Cycle_Top_syn.v", 5856: 

*Error* view GTECH_OR2 is not defined for instance C114
"Single_Cycle_Top_syn.v", 5857: 

*Error* view GTECH_OR2 is not defined for instance C115
"Single_Cycle_Top_syn.v", 5858: 

*Error* view GTECH_OR2 is not defined for instance C116
"Single_Cycle_Top_syn.v", 5859: 

*Error* view GTECH_OR2 is not defined for instance C117
"Single_Cycle_Top_syn.v", 5860: 

*Error* view GTECH_AND2 is not defined for instance C58
"Single_Cycle_Top_syn.v", 5821: 

*Error* view GTECH_AND2 is not defined for instance C59
"Single_Cycle_Top_syn.v", 5822: 

*Error* view GTECH_AND2 is not defined for instance C81
"Single_Cycle_Top_syn.v", 5834: 

*Error* view GTECH_AND2 is not defined for instance C98
"Single_Cycle_Top_syn.v", 5848: 

*Error* view GTECH_AND2 is not defined for instance C99
"Single_Cycle_Top_syn.v", 5849: 

*Error* view GTECH_AND2 is not defined for instance C100
"Single_Cycle_Top_syn.v", 5850: 

*Error* view GTECH_AND2 is not defined for instance C101
"Single_Cycle_Top_syn.v", 5851: 

*Error* view GTECH_AND2 is not defined for instance C102
"Single_Cycle_Top_syn.v", 5852: 

*Error* view GTECH_AND2 is not defined for instance C103
"Single_Cycle_Top_syn.v", 5853: 

*Error* view GTECH_AND2 is not defined for instance C104
"Single_Cycle_Top_syn.v", 5854: 

*Error* view GTECH_AND2 is not defined for instance C120
"Single_Cycle_Top_syn.v", 5862: 

*Error* view GTECH_AND2 is not defined for instance C122
"Single_Cycle_Top_syn.v", 5863: 

*Error* view GTECH_AND2 is not defined for instance C123
"Single_Cycle_Top_syn.v", 5864: 

*Error* view GTECH_AND2 is not defined for instance C125
"Single_Cycle_Top_syn.v", 5866: 

*Error* view GTECH_AND2 is not defined for instance C126
"Single_Cycle_Top_syn.v", 5867: 

*Error* view GTECH_AND2 is not defined for instance C128
"Single_Cycle_Top_syn.v", 5869: 

*Error* view GTECH_AND2 is not defined for instance C129
"Single_Cycle_Top_syn.v", 5870: 

*Error* view GTECH_AND2 is not defined for instance C131
"Single_Cycle_Top_syn.v", 5872: 

*Error* view GTECH_AND2 is not defined for instance C132
"Single_Cycle_Top_syn.v", 5873: 

*Error* view GTECH_AND2 is not defined for instance C134
"Single_Cycle_Top_syn.v", 5875: 

*Error* view GTECH_AND2 is not defined for instance C135
"Single_Cycle_Top_syn.v", 5876: 

*Error* view SELECT_OP is not defined for instance C95
"Single_Cycle_Top_syn.v", 5841: 

*Error* view GTECH_BUF is not defined for instance B_0
"Single_Cycle_Top_syn.v", 5847: 

*Error* view SELECT_OP is not defined for instance C42
"Single_Cycle_Top_syn.v", 5940: 

*Error* view GTECH_BUF is not defined for instance B_0
"Single_Cycle_Top_syn.v", 5941: 

*Error* view GTECH_BUF is not defined for instance B_1
"Single_Cycle_Top_syn.v", 5942: 

*Error* view GTECH_NOT is not defined for instance I_0
"Single_Cycle_Top_syn.v", 5943: 

*Error* view sky130_fd_sc_hd__decap is not defined for instance base
"./skywater/primitives.v", 75: 

*Error* view sky130_fd_sc_hd__diode is not defined for instance base
"./skywater/primitives.v", 176: 

*Error* view sky130_fd_sc_hd__fill is not defined for instance base
"./skywater/primitives.v", 338: 
Total	1474 error(s),   0 warning(s)
